id,filename,width,height,image_id,category,color_tone,fabric_weight,silhouette,neckline,sleeve,pattern,occasion,gender,season
0,00000.jpg,682,1024,23,top,green,light,unknown,unknown,unknown,unknown,unknown,unknown,unknown
1,00001.jpg,683,1024,25,top,brown,medium,unknown,unknown,unknown,unknown,unknown,unknown,unknown
2,00002.jpg,1024,683,26,pants,brown,medium,unknown,unknown,unknown,unknown,unknown,unknown,unknown
3,00003.jpg,682,1024,27,top,blue,medium,unknown,unknown,unknown,unknown,unknown,unknown,unknown
4,00004.jpg,853,1024,28,pants,blue,medium,unknown,unknown,unknown,unknown,unknown,unknown,unknown
5,00005.jpg,726,1024,29,top,black,medium,unknown,unknown,unknown,unknown,unknown,unknown,unknown
6,00006.jpg,683,1024,30,top,red,medium,unknown,unknown,unknown,unknown,unknown,unknown,unknown
7,00007.jpg,682,1024,31,top,brown,medium,unknown,unknown,unknown,unknown,unknown,unknown,unknown
8,00008.jpg,1024,683,32,pants,brown,medium,unknown,unknown,unknown,unknown,unknown,unknown,unknown
9,00009.jpg,682,1024,33,top,red,heavy,unknown,unknown,unknown,unknown,unknown,unknown,unknown
10,00010.jpg,733,1024,34,top,brown,light,unknown,unknown,unknown,unknown,unknown,unknown,unknown
11,00011.jpg,1024,680,35,pants,brown,medium,unknown,unknown,unknown,unknown,unknown,unknown,unknown
12,00012.jpg,1024,682,36,pants,brown,heavy,unknown,unknown,unknown,unknown,unknown,unknown,unknown
13,00013.jpg,682,1024,37,top,red,heavy,unknown,unknown,unknown,unknown,unknown,unknown,unknown
14,00014.jpg,678,1024,38,top,brown,light,unknown,unknown,unknown,unknown,unknown,unknown,unknown
15,00015.jpg,682,1024,39,top,green,heavy,unknown,unknown,unknown,unknown,unknown,unknown,unknown
16,00016.jpg,632,1024,40,top,red,medium,unknown,unknown,unknown,unknown,unknown,unknown,unknown
17,00017.jpg,1024,768,41,pants,black,light,unknown,unknown,unknown,unknown,unknown,unknown,unknown
18,00018.jpg,685,1024,42,top,brown,medium,unknown,unknown,unknown,unknown,unknown,unknown,unknown
19,00019.jpg,601,1024,43,top,brown,heavy,unknown,unknown,unknown,unknown,unknown,unknown,unknown
20,00020.jpg,683,1024,44,top,brown,heavy,unknown,unknown,unknown,unknown,unknown,unknown,unknown
21,00021.jpg,682,1024,45,top,red,heavy,unknown,unknown,unknown,unknown,unknown,unknown,unknown
22,00022.jpg,675,1024,46,top,brown,heavy,unknown,unknown,unknown,unknown,unknown,unknown,unknown
23,00023.jpg,446,1024,47,dress,brown,medium,unknown,unknown,unknown,unknown,unknown,unknown,unknown
24,00024.jpg,682,1024,48,top,brown,heavy,unknown,unknown,unknown,unknown,unknown,unknown,unknown
25,00025.jpg,1024,680,49,pants,brown,heavy,unknown,unknown,unknown,unknown,unknown,unknown,unknown
26,00026.jpg,682,1024,50,top,brown,medium,unknown,unknown,unknown,unknown,unknown,unknown,unknown
27,00027.jpg,1024,682,51,pants,black,light,unknown,unknown,unknown,unknown,unknown,unknown,unknown
28,00028.jpg,683,1024,52,top,brown,light,unknown,unknown,unknown,unknown,unknown,unknown,unknown
29,00029.jpg,683,1024,53,top,black,medium,unknown,unknown,unknown,unknown,unknown,unknown,unknown
30,00030.jpg,867,1024,54,pants,brown,heavy,unknown,unknown,unknown,unknown,unknown,unknown,unknown
31,00031.jpg,1024,618,55,pants,red,medium,unknown,unknown,unknown,unknown,unknown,unknown,unknown
32,00032.jpg,682,1024,56,top,brown,medium,unknown,unknown,unknown,unknown,unknown,unknown,unknown
33,00033.jpg,682,1024,57,top,brown,medium,unknown,unknown,unknown,unknown,unknown,unknown,unknown
34,00034.jpg,682,1024,59,top,brown,light,unknown,unknown,unknown,unknown,unknown,unknown,unknown
35,00035.jpg,683,1024,60,top,brown,heavy,unknown,unknown,unknown,unknown,unknown,unknown,unknown
36,00036.jpg,437,1024,61,dress,red,heavy,unknown,unknown,unknown,unknown,unknown,unknown,unknown
37,00037.jpg,1024,682,62,pants,red,heavy,unknown,unknown,unknown,unknown,unknown,unknown,unknown
38,00038.jpg,682,1024,63,top,brown,heavy,unknown,unknown,unknown,unknown,unknown,unknown,unknown
39,00039.jpg,1024,680,64,pants,brown,heavy,unknown,unknown,unknown,unknown,unknown,unknown,unknown
40,00040.jpg,818,1024,65,pants,blue,heavy,unknown,unknown,unknown,unknown,unknown,unknown,unknown
41,00041.jpg,547,1024,66,dress,brown,heavy,unknown,unknown,unknown,unknown,unknown,unknown,unknown
42,00042.jpg,682,1024,67,top,brown,heavy,unknown,unknown,unknown,unknown,unknown,unknown,unknown
43,00043.jpg,681,1024,68,top,blue,heavy,unknown,unknown,unknown,unknown,unknown,unknown,unknown
44,00044.jpg,683,1024,69,top,green,medium,unknown,unknown,unknown,unknown,unknown,unknown,unknown
45,00045.jpg,678,1024,70,top,green,medium,unknown,unknown,unknown,unknown,unknown,unknown,unknown
46,00046.jpg,682,1024,71,top,brown,heavy,unknown,unknown,unknown,unknown,unknown,unknown,unknown
47,00047.jpg,632,1024,72,top,brown,heavy,unknown,unknown,unknown,unknown,unknown,unknown,unknown
48,00048.jpg,682,1024,73,top,blue,medium,unknown,unknown,unknown,unknown,unknown,unknown,unknown
49,00049.jpg,519,1024,74,dress,brown,heavy,unknown,unknown,unknown,unknown,unknown,unknown,unknown
50,00050.jpg,683,1024,76,top,red,medium,unknown,unknown,unknown,unknown,unknown,unknown,unknown
51,00051.jpg,564,1024,77,dress,brown,heavy,unknown,unknown,unknown,unknown,unknown,unknown,unknown
52,00052.jpg,1024,647,78,pants,blue,medium,unknown,unknown,unknown,unknown,unknown,unknown,unknown
53,00053.jpg,681,1024,79,top,green,medium,unknown,unknown,unknown,unknown,unknown,unknown,unknown
54,00054.jpg,678,1024,80,top,brown,heavy,unknown,unknown,unknown,unknown,unknown,unknown,unknown
55,00055.jpg,682,1024,81,top,brown,medium,unknown,unknown,unknown,unknown,unknown,unknown,unknown
56,00056.jpg,682,1024,82,top,red,light,unknown,unknown,unknown,unknown,unknown,unknown,unknown
57,00057.jpg,683,1024,83,top,brown,medium,unknown,unknown,unknown,unknown,unknown,unknown,unknown
58,00058.jpg,840,1024,84,pants,brown,heavy,unknown,unknown,unknown,unknown,unknown,unknown,unknown
59,00059.jpg,682,1024,85,top,blue,heavy,unknown,unknown,unknown,unknown,unknown,unknown,unknown
60,00060.jpg,682,1024,86,top,blue,heavy,unknown,unknown,unknown,unknown,unknown,unknown,unknown
61,00061.jpg,682,1024,87,top,brown,heavy,unknown,unknown,unknown,unknown,unknown,unknown,unknown
62,00062.jpg,682,1024,88,top,red,heavy,unknown,unknown,unknown,unknown,unknown,unknown,unknown
63,00063.jpg,659,1024,89,top,blue,heavy,unknown,unknown,unknown,unknown,unknown,unknown,unknown
64,00064.jpg,655,1024,90,top,red,medium,unknown,unknown,unknown,unknown,unknown,unknown,unknown
65,00065.jpg,683,1024,91,top,blue,heavy,unknown,unknown,unknown,unknown,unknown,unknown,unknown
66,00066.jpg,683,1024,92,top,brown,heavy,unknown,unknown,unknown,unknown,unknown,unknown,unknown
67,00067.jpg,1024,648,94,pants,green,heavy,unknown,unknown,unknown,unknown,unknown,unknown,unknown
68,00068.jpg,682,1024,95,top,blue,light,unknown,unknown,unknown,unknown,unknown,unknown,unknown
69,00069.jpg,683,1024,96,top,brown,medium,unknown,unknown,unknown,unknown,unknown,unknown,unknown
70,00070.jpg,683,1024,97,top,blue,medium,unknown,unknown,unknown,unknown,unknown,unknown,unknown
71,00071.jpg,684,1024,98,top,brown,heavy,unknown,unknown,unknown,unknown,unknown,unknown,unknown
72,00072.jpg,682,1024,99,top,red,heavy,unknown,unknown,unknown,unknown,unknown,unknown,unknown
73,00073.jpg,682,1024,100,top,blue,heavy,unknown,unknown,unknown,unknown,unknown,unknown,unknown
74,00074.jpg,682,1024,101,top,black,medium,unknown,unknown,unknown,unknown,unknown,unknown,unknown
75,00075.jpg,1024,683,102,pants,brown,heavy,unknown,unknown,unknown,unknown,unknown,unknown,unknown
76,00076.jpg,682,1024,103,top,blue,medium,unknown,unknown,unknown,unknown,unknown,unknown,unknown
77,00077.jpg,603,1024,104,top,red,light,unknown,unknown,unknown,unknown,unknown,unknown,unknown
78,00078.jpg,1024,682,105,pants,blue,heavy,unknown,unknown,unknown,unknown,unknown,unknown,unknown
79,00079.jpg,1024,682,106,pants,brown,heavy,unknown,unknown,unknown,unknown,unknown,unknown,unknown
80,00080.jpg,679,1024,107,top,red,medium,unknown,unknown,unknown,unknown,unknown,unknown,unknown
81,00081.jpg,683,1024,108,top,brown,medium,unknown,unknown,unknown,unknown,unknown,unknown,unknown
82,00082.jpg,683,1024,109,top,blue,heavy,unknown,unknown,unknown,unknown,unknown,unknown,unknown
83,00083.jpg,683,1024,110,top,red,heavy,unknown,unknown,unknown,unknown,unknown,unknown,unknown
84,00084.jpg,1024,1024,111,pants,brown,medium,unknown,unknown,unknown,unknown,unknown,unknown,unknown
85,00085.jpg,1024,682,112,pants,brown,heavy,unknown,unknown,unknown,unknown,unknown,unknown,unknown
86,00086.jpg,1024,680,113,pants,brown,heavy,unknown,unknown,unknown,unknown,unknown,unknown,unknown
87,00087.jpg,683,1024,114,top,blue,medium,unknown,unknown,unknown,unknown,unknown,unknown,unknown
88,00088.jpg,681,1024,115,top,brown,heavy,unknown,unknown,unknown,unknown,unknown,unknown,unknown
89,00089.jpg,683,1024,116,top,blue,heavy,unknown,unknown,unknown,unknown,unknown,unknown,unknown
90,00090.jpg,1024,682,117,pants,blue,medium,unknown,unknown,unknown,unknown,unknown,unknown,unknown
91,00091.jpg,589,1024,118,top,blue,heavy,unknown,unknown,unknown,unknown,unknown,unknown,unknown
92,00092.jpg,682,1024,119,top,green,medium,unknown,unknown,unknown,unknown,unknown,unknown,unknown
93,00093.jpg,682,1024,120,top,red,heavy,unknown,unknown,unknown,unknown,unknown,unknown,unknown
94,00094.jpg,683,1024,121,top,blue,heavy,unknown,unknown,unknown,unknown,unknown,unknown,unknown
95,00095.jpg,682,1024,122,top,red,medium,unknown,unknown,unknown,unknown,unknown,unknown,unknown
96,00096.jpg,632,1024,123,top,red,medium,unknown,unknown,unknown,unknown,unknown,unknown,unknown
97,00097.jpg,1024,682,124,pants,brown,medium,unknown,unknown,unknown,unknown,unknown,unknown,unknown
98,00098.jpg,548,1024,125,dress,brown,heavy,unknown,unknown,unknown,unknown,unknown,unknown,unknown
99,00099.jpg,1024,683,126,pants,red,medium,unknown,unknown,unknown,unknown,unknown,unknown,unknown
100,00100.jpg,683,1024,127,top,black,medium,unknown,unknown,unknown,unknown,unknown,unknown,unknown
101,00101.jpg,682,1024,128,top,blue,medium,unknown,unknown,unknown,unknown,unknown,unknown,unknown
102,00102.jpg,682,1024,129,top,black,medium,unknown,unknown,unknown,unknown,unknown,unknown,unknown
103,00103.jpg,695,1024,130,top,brown,medium,unknown,unknown,unknown,unknown,unknown,unknown,unknown
104,00104.jpg,682,1024,131,top,brown,medium,unknown,unknown,unknown,unknown,unknown,unknown,unknown
105,00105.jpg,682,1024,132,top,green,medium,unknown,unknown,unknown,unknown,unknown,unknown,unknown
106,00106.jpg,680,1024,133,top,red,heavy,unknown,unknown,unknown,unknown,unknown,unknown,unknown
107,00107.jpg,687,1024,134,top,brown,medium,unknown,unknown,unknown,unknown,unknown,unknown,unknown
108,00108.jpg,718,1024,135,top,brown,medium,unknown,unknown,unknown,unknown,unknown,unknown,unknown
109,00109.jpg,683,1024,136,top,brown,medium,unknown,unknown,unknown,unknown,unknown,unknown,unknown
110,00110.jpg,683,1024,137,top,brown,heavy,unknown,unknown,unknown,unknown,unknown,unknown,unknown
111,00111.jpg,647,1024,138,top,red,heavy,unknown,unknown,unknown,unknown,unknown,unknown,unknown
112,00112.jpg,680,1024,139,top,brown,heavy,unknown,unknown,unknown,unknown,unknown,unknown,unknown
113,00113.jpg,614,1024,140,top,brown,heavy,unknown,unknown,unknown,unknown,unknown,unknown,unknown
114,00114.jpg,682,1024,141,top,black,medium,unknown,unknown,unknown,unknown,unknown,unknown,unknown
115,00115.jpg,1024,575,142,pants,brown,heavy,unknown,unknown,unknown,unknown,unknown,unknown,unknown
116,00116.jpg,680,1024,143,top,green,medium,unknown,unknown,unknown,unknown,unknown,unknown,unknown
117,00117.jpg,682,1024,144,top,brown,heavy,unknown,unknown,unknown,unknown,unknown,unknown,unknown
118,00118.jpg,682,1024,145,top,red,medium,unknown,unknown,unknown,unknown,unknown,unknown,unknown
119,00119.jpg,683,1024,146,top,blue,heavy,unknown,unknown,unknown,unknown,unknown,unknown,unknown
120,00120.jpg,1024,683,147,pants,black,medium,unknown,unknown,unknown,unknown,unknown,unknown,unknown
121,00121.jpg,682,1024,148,top,brown,heavy,unknown,unknown,unknown,unknown,unknown,unknown,unknown
122,00122.jpg,683,1024,149,top,brown,medium,unknown,unknown,unknown,unknown,unknown,unknown,unknown
123,00123.jpg,683,1024,150,top,blue,heavy,unknown,unknown,unknown,unknown,unknown,unknown,unknown
124,00124.jpg,677,1024,151,top,red,medium,unknown,unknown,unknown,unknown,unknown,unknown,unknown
125,00125.jpg,633,1024,152,top,brown,medium,unknown,unknown,unknown,unknown,unknown,unknown,unknown
126,00126.jpg,681,1024,153,top,brown,heavy,unknown,unknown,unknown,unknown,unknown,unknown,unknown
127,00127.jpg,682,1024,154,top,red,medium,unknown,unknown,unknown,unknown,unknown,unknown,unknown
128,00128.jpg,682,1024,155,top,green,medium,unknown,unknown,unknown,unknown,unknown,unknown,unknown
129,00129.jpg,680,1024,156,top,brown,light,unknown,unknown,unknown,unknown,unknown,unknown,unknown
130,00130.jpg,667,1024,157,top,blue,medium,unknown,unknown,unknown,unknown,unknown,unknown,unknown
131,00131.jpg,683,1024,158,top,brown,heavy,unknown,unknown,unknown,unknown,unknown,unknown,unknown
132,00132.jpg,682,1024,159,top,black,light,unknown,unknown,unknown,unknown,unknown,unknown,unknown
133,00133.jpg,685,1024,160,top,white,heavy,unknown,unknown,unknown,unknown,unknown,unknown,unknown
134,00134.jpg,683,1024,161,top,brown,heavy,unknown,unknown,unknown,unknown,unknown,unknown,unknown
135,00135.jpg,804,1024,162,pants,brown,heavy,unknown,unknown,unknown,unknown,unknown,unknown,unknown
136,00136.jpg,653,1024,163,top,black,light,unknown,unknown,unknown,unknown,unknown,unknown,unknown
137,00137.jpg,681,1024,164,top,brown,heavy,unknown,unknown,unknown,unknown,unknown,unknown,unknown
138,00138.jpg,594,1024,165,top,red,medium,unknown,unknown,unknown,unknown,unknown,unknown,unknown
139,00139.jpg,1024,682,166,pants,black,light,unknown,unknown,unknown,unknown,unknown,unknown,unknown
140,00140.jpg,682,1024,167,top,black,light,unknown,unknown,unknown,unknown,unknown,unknown,unknown
141,00141.jpg,682,1024,168,top,green,medium,unknown,unknown,unknown,unknown,unknown,unknown,unknown
142,00142.jpg,632,1024,169,top,blue,heavy,unknown,unknown,unknown,unknown,unknown,unknown,unknown
143,00143.jpg,577,1024,170,top,brown,heavy,unknown,unknown,unknown,unknown,unknown,unknown,unknown
144,00144.jpg,683,1024,171,top,brown,heavy,unknown,unknown,unknown,unknown,unknown,unknown,unknown
145,00145.jpg,633,1024,172,top,red,medium,unknown,unknown,unknown,unknown,unknown,unknown,unknown
146,00146.jpg,682,1024,173,top,black,light,unknown,unknown,unknown,unknown,unknown,unknown,unknown
147,00147.jpg,682,1024,174,top,red,medium,unknown,unknown,unknown,unknown,unknown,unknown,unknown
148,00148.jpg,682,1024,175,top,red,medium,unknown,unknown,unknown,unknown,unknown,unknown,unknown
149,00149.jpg,1024,773,176,pants,brown,light,unknown,unknown,unknown,unknown,unknown,unknown,unknown
150,00150.jpg,819,1024,177,pants,brown,heavy,unknown,unknown,unknown,unknown,unknown,unknown,unknown
151,00151.jpg,684,1024,178,top,brown,heavy,unknown,unknown,unknown,unknown,unknown,unknown,unknown
152,00152.jpg,688,1024,179,top,brown,heavy,unknown,unknown,unknown,unknown,unknown,unknown,unknown
153,00153.jpg,683,1024,180,top,brown,heavy,unknown,unknown,unknown,unknown,unknown,unknown,unknown
154,00154.jpg,683,1024,181,top,brown,heavy,unknown,unknown,unknown,unknown,unknown,unknown,unknown
155,00155.jpg,682,1024,182,top,brown,heavy,unknown,unknown,unknown,unknown,unknown,unknown,unknown
156,00156.jpg,682,1024,183,top,black,medium,unknown,unknown,unknown,unknown,unknown,unknown,unknown
157,00157.jpg,681,1024,184,top,brown,heavy,unknown,unknown,unknown,unknown,unknown,unknown,unknown
158,00158.jpg,680,1024,185,top,brown,medium,unknown,unknown,unknown,unknown,unknown,unknown,unknown
159,00159.jpg,632,1024,186,top,brown,heavy,unknown,unknown,unknown,unknown,unknown,unknown,unknown
160,00160.jpg,682,1024,187,top,blue,heavy,unknown,unknown,unknown,unknown,unknown,unknown,unknown
161,00161.jpg,682,1024,188,top,blue,heavy,unknown,unknown,unknown,unknown,unknown,unknown,unknown
162,00162.jpg,682,1024,189,top,blue,heavy,unknown,unknown,unknown,unknown,unknown,unknown,unknown
163,00163.jpg,707,1024,190,top,blue,medium,unknown,unknown,unknown,unknown,unknown,unknown,unknown
164,00164.jpg,633,1024,191,top,red,medium,unknown,unknown,unknown,unknown,unknown,unknown,unknown
165,00165.jpg,1024,680,192,pants,brown,medium,unknown,unknown,unknown,unknown,unknown,unknown,unknown
166,00166.jpg,689,1024,193,top,brown,heavy,unknown,unknown,unknown,unknown,unknown,unknown,unknown
167,00167.jpg,683,1024,194,top,red,heavy,unknown,unknown,unknown,unknown,unknown,unknown,unknown
168,00168.jpg,800,1024,195,pants,blue,heavy,unknown,unknown,unknown,unknown,unknown,unknown,unknown
169,00169.jpg,643,1024,196,top,red,heavy,unknown,unknown,unknown,unknown,unknown,unknown,unknown
170,00170.jpg,683,1024,198,top,black,medium,unknown,unknown,unknown,unknown,unknown,unknown,unknown
171,00171.jpg,682,1024,199,top,brown,medium,unknown,unknown,unknown,unknown,unknown,unknown,unknown
172,00172.jpg,681,1024,200,top,red,heavy,unknown,unknown,unknown,unknown,unknown,unknown,unknown
173,00173.jpg,682,1024,201,top,brown,heavy,unknown,unknown,unknown,unknown,unknown,unknown,unknown
174,00174.jpg,819,1024,202,pants,brown,heavy,unknown,unknown,unknown,unknown,unknown,unknown,unknown
175,00175.jpg,908,1024,203,pants,red,medium,unknown,unknown,unknown,unknown,unknown,unknown,unknown
176,00176.jpg,682,1024,204,top,brown,medium,unknown,unknown,unknown,unknown,unknown,unknown,unknown
177,00177.jpg,682,1024,205,top,red,heavy,unknown,unknown,unknown,unknown,unknown,unknown,unknown
178,00178.jpg,682,1024,206,top,brown,heavy,unknown,unknown,unknown,unknown,unknown,unknown,unknown
179,00179.jpg,620,1024,207,top,brown,medium,unknown,unknown,unknown,unknown,unknown,unknown,unknown
180,00180.jpg,633,1024,208,top,blue,medium,unknown,unknown,unknown,unknown,unknown,unknown,unknown
181,00181.jpg,683,1024,209,top,brown,heavy,unknown,unknown,unknown,unknown,unknown,unknown,unknown
182,00182.jpg,683,1024,210,top,brown,heavy,unknown,unknown,unknown,unknown,unknown,unknown,unknown
183,00183.jpg,681,1024,212,top,blue,heavy,unknown,unknown,unknown,unknown,unknown,unknown,unknown
184,00184.jpg,683,1024,214,top,blue,medium,unknown,unknown,unknown,unknown,unknown,unknown,unknown
185,00185.jpg,682,1024,215,top,brown,light,unknown,unknown,unknown,unknown,unknown,unknown,unknown
186,00186.jpg,744,1024,216,top,brown,heavy,unknown,unknown,unknown,unknown,unknown,unknown,unknown
187,00187.jpg,1024,683,219,pants,red,heavy,unknown,unknown,unknown,unknown,unknown,unknown,unknown
188,00188.jpg,632,1024,220,top,brown,heavy,unknown,unknown,unknown,unknown,unknown,unknown,unknown
189,00189.jpg,682,1024,221,top,blue,medium,unknown,unknown,unknown,unknown,unknown,unknown,unknown
190,00190.jpg,587,1024,222,top,green,heavy,unknown,unknown,unknown,unknown,unknown,unknown,unknown
191,00191.jpg,683,1024,223,top,red,medium,unknown,unknown,unknown,unknown,unknown,unknown,unknown
192,00192.jpg,683,1024,224,top,blue,heavy,unknown,unknown,unknown,unknown,unknown,unknown,unknown
193,00193.jpg,682,1024,225,top,brown,heavy,unknown,unknown,unknown,unknown,unknown,unknown,unknown
194,00194.jpg,632,1024,226,top,brown,medium,unknown,unknown,unknown,unknown,unknown,unknown,unknown
195,00195.jpg,679,1024,227,top,black,heavy,unknown,unknown,unknown,unknown,unknown,unknown,unknown
196,00196.jpg,632,1024,228,top,red,heavy,unknown,unknown,unknown,unknown,unknown,unknown,unknown
197,00197.jpg,682,1024,229,top,red,heavy,unknown,unknown,unknown,unknown,unknown,unknown,unknown
198,00198.jpg,680,1024,230,top,brown,heavy,unknown,unknown,unknown,unknown,unknown,unknown,unknown
199,00199.jpg,683,1024,231,top,brown,medium,unknown,unknown,unknown,unknown,unknown,unknown,unknown
200,00200.jpg,768,1024,232,top,brown,heavy,unknown,unknown,unknown,unknown,unknown,unknown,unknown
201,00201.jpg,1024,593,233,pants,red,medium,unknown,unknown,unknown,unknown,unknown,unknown,unknown
202,00202.jpg,664,1024,234,top,blue,heavy,unknown,unknown,unknown,unknown,unknown,unknown,unknown
203,00203.jpg,1024,680,235,pants,red,heavy,unknown,unknown,unknown,unknown,unknown,unknown,unknown
204,00204.jpg,682,1024,236,top,blue,medium,unknown,unknown,unknown,unknown,unknown,unknown,unknown
205,00205.jpg,682,1024,238,top,blue,medium,unknown,unknown,unknown,unknown,unknown,unknown,unknown
206,00206.jpg,682,1024,239,top,red,medium,unknown,unknown,unknown,unknown,unknown,unknown,unknown
207,00207.jpg,1024,1024,240,pants,red,heavy,unknown,unknown,unknown,unknown,unknown,unknown,unknown
208,00208.jpg,683,1024,241,top,red,heavy,unknown,unknown,unknown,unknown,unknown,unknown,unknown
209,00209.jpg,682,1024,242,top,green,medium,unknown,unknown,unknown,unknown,unknown,unknown,unknown
210,00210.jpg,682,1024,243,top,brown,medium,unknown,unknown,unknown,unknown,unknown,unknown,unknown
211,00211.jpg,1024,682,244,pants,black,light,unknown,unknown,unknown,unknown,unknown,unknown,unknown
212,00212.jpg,682,1024,245,top,brown,medium,unknown,unknown,unknown,unknown,unknown,unknown,unknown
213,00213.jpg,683,1024,246,top,brown,medium,unknown,unknown,unknown,unknown,unknown,unknown,unknown
214,00214.jpg,682,1024,247,top,blue,medium,unknown,unknown,unknown,unknown,unknown,unknown,unknown
215,00215.jpg,680,1024,248,top,brown,medium,unknown,unknown,unknown,unknown,unknown,unknown,unknown
216,00216.jpg,682,1024,249,top,brown,heavy,unknown,unknown,unknown,unknown,unknown,unknown,unknown
217,00217.jpg,679,1024,250,top,red,medium,unknown,unknown,unknown,unknown,unknown,unknown,unknown
218,00218.jpg,683,1024,251,top,blue,medium,unknown,unknown,unknown,unknown,unknown,unknown,unknown
219,00219.jpg,636,1024,252,top,brown,medium,unknown,unknown,unknown,unknown,unknown,unknown,unknown
220,00220.jpg,682,1024,253,top,brown,heavy,unknown,unknown,unknown,unknown,unknown,unknown,unknown
221,00221.jpg,470,1024,254,dress,brown,heavy,unknown,unknown,unknown,unknown,unknown,unknown,unknown
222,00222.jpg,682,1024,255,top,brown,medium,unknown,unknown,unknown,unknown,unknown,unknown,unknown
223,00223.jpg,589,1024,256,top,brown,medium,unknown,unknown,unknown,unknown,unknown,unknown,unknown
224,00224.jpg,683,1024,257,top,brown,medium,unknown,unknown,unknown,unknown,unknown,unknown,unknown
225,00225.jpg,1024,665,258,pants,brown,medium,unknown,unknown,unknown,unknown,unknown,unknown,unknown
226,00226.jpg,683,1024,259,top,blue,heavy,unknown,unknown,unknown,unknown,unknown,unknown,unknown
227,00227.jpg,683,1024,260,top,red,medium,unknown,unknown,unknown,unknown,unknown,unknown,unknown
228,00228.jpg,705,1024,262,top,brown,medium,unknown,unknown,unknown,unknown,unknown,unknown,unknown
229,00229.jpg,682,1024,263,top,brown,medium,unknown,unknown,unknown,unknown,unknown,unknown,unknown
230,00230.jpg,682,1024,264,top,red,heavy,unknown,unknown,unknown,unknown,unknown,unknown,unknown
231,00231.jpg,683,1024,265,top,green,medium,unknown,unknown,unknown,unknown,unknown,unknown,unknown
232,00232.jpg,682,1024,266,top,blue,heavy,unknown,unknown,unknown,unknown,unknown,unknown,unknown
233,00233.jpg,545,1024,267,dress,brown,heavy,unknown,unknown,unknown,unknown,unknown,unknown,unknown
234,00234.jpg,681,1024,268,top,black,heavy,unknown,unknown,unknown,unknown,unknown,unknown,unknown
235,00235.jpg,683,1024,269,top,blue,heavy,unknown,unknown,unknown,unknown,unknown,unknown,unknown
236,00236.jpg,782,1024,270,top,blue,heavy,unknown,unknown,unknown,unknown,unknown,unknown,unknown
237,00237.jpg,682,1024,271,top,brown,heavy,unknown,unknown,unknown,unknown,unknown,unknown,unknown
238,00238.jpg,680,1024,272,top,brown,medium,unknown,unknown,unknown,unknown,unknown,unknown,unknown
239,00239.jpg,683,1024,273,top,blue,medium,unknown,unknown,unknown,unknown,unknown,unknown,unknown
240,00240.jpg,704,1024,274,top,black,heavy,unknown,unknown,unknown,unknown,unknown,unknown,unknown
241,00241.jpg,1024,677,275,pants,brown,heavy,unknown,unknown,unknown,unknown,unknown,unknown,unknown
242,00242.jpg,681,1024,276,top,black,light,unknown,unknown,unknown,unknown,unknown,unknown,unknown
243,00243.jpg,1024,677,277,pants,brown,heavy,unknown,unknown,unknown,unknown,unknown,unknown,unknown
244,00244.jpg,683,1024,278,top,brown,medium,unknown,unknown,unknown,unknown,unknown,unknown,unknown
245,00245.jpg,1024,682,279,pants,brown,medium,unknown,unknown,unknown,unknown,unknown,unknown,unknown
246,00246.jpg,681,1024,280,top,brown,heavy,unknown,unknown,unknown,unknown,unknown,unknown,unknown
247,00247.jpg,682,1024,281,top,red,medium,unknown,unknown,unknown,unknown,unknown,unknown,unknown
248,00248.jpg,682,1024,282,top,red,medium,unknown,unknown,unknown,unknown,unknown,unknown,unknown
249,00249.jpg,1024,747,284,pants,blue,medium,unknown,unknown,unknown,unknown,unknown,unknown,unknown
250,00250.jpg,681,1024,285,top,brown,heavy,unknown,unknown,unknown,unknown,unknown,unknown,unknown
251,00251.jpg,683,1024,286,top,brown,light,unknown,unknown,unknown,unknown,unknown,unknown,unknown
252,00252.jpg,683,1024,287,top,brown,heavy,unknown,unknown,unknown,unknown,unknown,unknown,unknown
253,00253.jpg,683,1024,288,top,green,heavy,unknown,unknown,unknown,unknown,unknown,unknown,unknown
254,00254.jpg,682,1024,289,top,brown,heavy,unknown,unknown,unknown,unknown,unknown,unknown,unknown
255,00255.jpg,1024,682,290,pants,blue,heavy,unknown,unknown,unknown,unknown,unknown,unknown,unknown
256,00256.jpg,632,1024,291,top,brown,heavy,unknown,unknown,unknown,unknown,unknown,unknown,unknown
257,00257.jpg,680,1024,292,top,brown,heavy,unknown,unknown,unknown,unknown,unknown,unknown,unknown
258,00258.jpg,682,1024,293,top,black,medium,unknown,unknown,unknown,unknown,unknown,unknown,unknown
259,00259.jpg,683,1024,294,top,blue,heavy,unknown,unknown,unknown,unknown,unknown,unknown,unknown
260,00260.jpg,612,1024,295,top,brown,heavy,unknown,unknown,unknown,unknown,unknown,unknown,unknown
261,00261.jpg,1024,682,296,pants,red,medium,unknown,unknown,unknown,unknown,unknown,unknown,unknown
262,00262.jpg,682,1024,297,top,red,heavy,unknown,unknown,unknown,unknown,unknown,unknown,unknown
263,00263.jpg,768,1024,298,top,green,medium,unknown,unknown,unknown,unknown,unknown,unknown,unknown
264,00264.jpg,682,1024,299,top,red,medium,unknown,unknown,unknown,unknown,unknown,unknown,unknown
265,00265.jpg,680,1024,300,top,brown,medium,unknown,unknown,unknown,unknown,unknown,unknown,unknown
266,00266.jpg,1024,680,301,pants,blue,medium,unknown,unknown,unknown,unknown,unknown,unknown,unknown
267,00267.jpg,682,1024,302,top,blue,medium,unknown,unknown,unknown,unknown,unknown,unknown,unknown
268,00268.jpg,682,1024,303,top,blue,heavy,unknown,unknown,unknown,unknown,unknown,unknown,unknown
269,00269.jpg,1024,682,304,pants,brown,medium,unknown,unknown,unknown,unknown,unknown,unknown,unknown
270,00270.jpg,1024,680,305,pants,brown,light,unknown,unknown,unknown,unknown,unknown,unknown,unknown
271,00271.jpg,683,1024,306,top,red,heavy,unknown,unknown,unknown,unknown,unknown,unknown,unknown
272,00272.jpg,683,1024,307,top,red,light,unknown,unknown,unknown,unknown,unknown,unknown,unknown
273,00273.jpg,682,1024,308,top,brown,heavy,unknown,unknown,unknown,unknown,unknown,unknown,unknown
274,00274.jpg,683,1024,309,top,brown,heavy,unknown,unknown,unknown,unknown,unknown,unknown,unknown
275,00275.jpg,683,1024,310,top,brown,medium,unknown,unknown,unknown,unknown,unknown,unknown,unknown
276,00276.jpg,657,1024,311,top,brown,medium,unknown,unknown,unknown,unknown,unknown,unknown,unknown
277,00277.jpg,684,1024,312,top,blue,medium,unknown,unknown,unknown,unknown,unknown,unknown,unknown
278,00278.jpg,680,1024,313,top,blue,medium,unknown,unknown,unknown,unknown,unknown,unknown,unknown
279,00279.jpg,683,1024,314,top,brown,medium,unknown,unknown,unknown,unknown,unknown,unknown,unknown
280,00280.jpg,603,1024,315,top,green,medium,unknown,unknown,unknown,unknown,unknown,unknown,unknown
281,00281.jpg,682,1024,316,top,brown,medium,unknown,unknown,unknown,unknown,unknown,unknown,unknown
282,00282.jpg,632,1024,317,top,green,heavy,unknown,unknown,unknown,unknown,unknown,unknown,unknown
283,00283.jpg,1024,683,318,pants,brown,heavy,unknown,unknown,unknown,unknown,unknown,unknown,unknown
284,00284.jpg,680,1024,319,top,blue,heavy,unknown,unknown,unknown,unknown,unknown,unknown,unknown
285,00285.jpg,1024,682,320,pants,red,light,unknown,unknown,unknown,unknown,unknown,unknown,unknown
286,00286.jpg,682,1024,321,top,blue,medium,unknown,unknown,unknown,unknown,unknown,unknown,unknown
287,00287.jpg,595,1024,322,top,red,heavy,unknown,unknown,unknown,unknown,unknown,unknown,unknown
288,00288.jpg,1024,683,323,pants,brown,light,unknown,unknown,unknown,unknown,unknown,unknown,unknown
289,00289.jpg,682,1024,324,top,black,heavy,unknown,unknown,unknown,unknown,unknown,unknown,unknown
290,00290.jpg,683,1024,325,top,brown,medium,unknown,unknown,unknown,unknown,unknown,unknown,unknown
291,00291.jpg,682,1024,326,top,green,medium,unknown,unknown,unknown,unknown,unknown,unknown,unknown
292,00292.jpg,1024,1024,327,pants,green,medium,unknown,unknown,unknown,unknown,unknown,unknown,unknown
293,00293.jpg,685,1024,329,top,black,light,unknown,unknown,unknown,unknown,unknown,unknown,unknown
294,00294.jpg,632,1024,330,top,brown,heavy,unknown,unknown,unknown,unknown,unknown,unknown,unknown
295,00295.jpg,1024,680,331,pants,brown,medium,unknown,unknown,unknown,unknown,unknown,unknown,unknown
296,00296.jpg,682,1024,332,top,red,heavy,unknown,unknown,unknown,unknown,unknown,unknown,unknown
297,00297.jpg,739,1024,333,top,brown,heavy,unknown,unknown,unknown,unknown,unknown,unknown,unknown
298,00298.jpg,1024,683,335,pants,black,light,unknown,unknown,unknown,unknown,unknown,unknown,unknown
299,00299.jpg,683,1024,336,top,blue,heavy,unknown,unknown,unknown,unknown,unknown,unknown,unknown
300,00300.jpg,682,1024,337,top,black,medium,unknown,unknown,unknown,unknown,unknown,unknown,unknown
301,00301.jpg,679,1024,338,top,brown,medium,unknown,unknown,unknown,unknown,unknown,unknown,unknown
302,00302.jpg,682,1024,339,top,brown,heavy,unknown,unknown,unknown,unknown,unknown,unknown,unknown
303,00303.jpg,1024,682,341,pants,brown,medium,unknown,unknown,unknown,unknown,unknown,unknown,unknown
304,00304.jpg,682,1024,343,top,brown,medium,unknown,unknown,unknown,unknown,unknown,unknown,unknown
305,00305.jpg,680,1024,344,top,black,medium,unknown,unknown,unknown,unknown,unknown,unknown,unknown
306,00306.jpg,965,1024,345,pants,red,medium,unknown,unknown,unknown,unknown,unknown,unknown,unknown
307,00307.jpg,691,1024,346,top,green,heavy,unknown,unknown,unknown,unknown,unknown,unknown,unknown
308,00308.jpg,975,1024,347,pants,brown,medium,unknown,unknown,unknown,unknown,unknown,unknown,unknown
309,00309.jpg,768,1024,348,top,green,medium,unknown,unknown,unknown,unknown,unknown,unknown,unknown
310,00310.jpg,681,1024,349,top,blue,heavy,unknown,unknown,unknown,unknown,unknown,unknown,unknown
311,00311.jpg,1024,682,350,pants,black,heavy,unknown,unknown,unknown,unknown,unknown,unknown,unknown
312,00312.jpg,801,1024,351,pants,green,medium,unknown,unknown,unknown,unknown,unknown,unknown,unknown
313,00313.jpg,682,1024,352,top,red,heavy,unknown,unknown,unknown,unknown,unknown,unknown,unknown
314,00314.jpg,682,1024,353,top,blue,medium,unknown,unknown,unknown,unknown,unknown,unknown,unknown
315,00315.jpg,1024,685,354,pants,blue,heavy,unknown,unknown,unknown,unknown,unknown,unknown,unknown
316,00316.jpg,682,1024,355,top,green,medium,unknown,unknown,unknown,unknown,unknown,unknown,unknown
317,00317.jpg,682,1024,356,top,brown,heavy,unknown,unknown,unknown,unknown,unknown,unknown,unknown
318,00318.jpg,797,1024,357,pants,brown,medium,unknown,unknown,unknown,unknown,unknown,unknown,unknown
319,00319.jpg,1024,683,358,pants,green,medium,unknown,unknown,unknown,unknown,unknown,unknown,unknown
320,00320.jpg,682,1024,359,top,brown,medium,unknown,unknown,unknown,unknown,unknown,unknown,unknown
321,00321.jpg,681,1024,360,top,white,medium,unknown,unknown,unknown,unknown,unknown,unknown,unknown
322,00322.jpg,682,1024,361,top,brown,heavy,unknown,unknown,unknown,unknown,unknown,unknown,unknown
323,00323.jpg,684,1024,362,top,brown,medium,unknown,unknown,unknown,unknown,unknown,unknown,unknown
324,00324.jpg,681,1024,363,top,red,heavy,unknown,unknown,unknown,unknown,unknown,unknown,unknown
325,00325.jpg,682,1024,364,top,green,heavy,unknown,unknown,unknown,unknown,unknown,unknown,unknown
326,00326.jpg,682,1024,365,top,brown,medium,unknown,unknown,unknown,unknown,unknown,unknown,unknown
327,00327.jpg,776,1024,366,top,brown,medium,unknown,unknown,unknown,unknown,unknown,unknown,unknown
328,00328.jpg,682,1024,367,top,blue,heavy,unknown,unknown,unknown,unknown,unknown,unknown,unknown
329,00329.jpg,682,1024,368,top,red,heavy,unknown,unknown,unknown,unknown,unknown,unknown,unknown
330,00330.jpg,681,1024,369,top,brown,heavy,unknown,unknown,unknown,unknown,unknown,unknown,unknown
331,00331.jpg,682,1024,370,top,green,heavy,unknown,unknown,unknown,unknown,unknown,unknown,unknown
332,00332.jpg,747,1024,371,top,white,heavy,unknown,unknown,unknown,unknown,unknown,unknown,unknown
333,00333.jpg,682,1024,372,top,red,medium,unknown,unknown,unknown,unknown,unknown,unknown,unknown
334,00334.jpg,682,1024,373,top,brown,heavy,unknown,unknown,unknown,unknown,unknown,unknown,unknown
335,00335.jpg,682,1024,374,top,blue,heavy,unknown,unknown,unknown,unknown,unknown,unknown,unknown
336,00336.jpg,682,1024,375,top,brown,medium,unknown,unknown,unknown,unknown,unknown,unknown,unknown
337,00337.jpg,683,1024,376,top,blue,heavy,unknown,unknown,unknown,unknown,unknown,unknown,unknown
338,00338.jpg,682,1024,377,top,brown,light,unknown,unknown,unknown,unknown,unknown,unknown,unknown
339,00339.jpg,683,1024,378,top,blue,medium,unknown,unknown,unknown,unknown,unknown,unknown,unknown
340,00340.jpg,1024,683,379,pants,red,medium,unknown,unknown,unknown,unknown,unknown,unknown,unknown
341,00341.jpg,1024,682,380,pants,brown,medium,unknown,unknown,unknown,unknown,unknown,unknown,unknown
342,00342.jpg,632,1024,382,top,brown,heavy,unknown,unknown,unknown,unknown,unknown,unknown,unknown
343,00343.jpg,819,1024,384,pants,red,heavy,unknown,unknown,unknown,unknown,unknown,unknown,unknown
344,00344.jpg,682,1024,385,top,blue,heavy,unknown,unknown,unknown,unknown,unknown,unknown,unknown
345,00345.jpg,655,1024,386,top,brown,medium,unknown,unknown,unknown,unknown,unknown,unknown,unknown
346,00346.jpg,683,1024,387,top,red,medium,unknown,unknown,unknown,unknown,unknown,unknown,unknown
347,00347.jpg,1024,1024,388,pants,red,medium,unknown,unknown,unknown,unknown,unknown,unknown,unknown
348,00348.jpg,682,1024,389,top,red,heavy,unknown,unknown,unknown,unknown,unknown,unknown,unknown
349,00349.jpg,680,1024,390,top,blue,medium,unknown,unknown,unknown,unknown,unknown,unknown,unknown
350,00350.jpg,683,1024,391,top,brown,heavy,unknown,unknown,unknown,unknown,unknown,unknown,unknown
351,00351.jpg,680,1024,392,top,red,light,unknown,unknown,unknown,unknown,unknown,unknown,unknown
352,00352.jpg,682,1024,393,top,brown,medium,unknown,unknown,unknown,unknown,unknown,unknown,unknown
353,00353.jpg,681,1024,394,top,blue,heavy,unknown,unknown,unknown,unknown,unknown,unknown,unknown
354,00354.jpg,681,1024,395,top,blue,heavy,unknown,unknown,unknown,unknown,unknown,unknown,unknown
355,00355.jpg,682,1024,396,top,brown,medium,unknown,unknown,unknown,unknown,unknown,unknown,unknown
356,00356.jpg,683,1024,397,top,brown,heavy,unknown,unknown,unknown,unknown,unknown,unknown,unknown
357,00357.jpg,1024,749,398,pants,brown,medium,unknown,unknown,unknown,unknown,unknown,unknown,unknown
358,00358.jpg,1024,1024,399,pants,brown,medium,unknown,unknown,unknown,unknown,unknown,unknown,unknown
359,00359.jpg,1024,682,400,pants,brown,medium,unknown,unknown,unknown,unknown,unknown,unknown,unknown
360,00360.jpg,682,1024,401,top,brown,heavy,unknown,unknown,unknown,unknown,unknown,unknown,unknown
361,00361.jpg,632,1024,402,top,green,heavy,unknown,unknown,unknown,unknown,unknown,unknown,unknown
362,00362.jpg,682,1024,403,top,red,light,unknown,unknown,unknown,unknown,unknown,unknown,unknown
363,00363.jpg,731,1024,404,top,brown,medium,unknown,unknown,unknown,unknown,unknown,unknown,unknown
364,00364.jpg,680,1024,405,top,green,medium,unknown,unknown,unknown,unknown,unknown,unknown,unknown
365,00365.jpg,731,1024,406,top,green,heavy,unknown,unknown,unknown,unknown,unknown,unknown,unknown
366,00366.jpg,1024,726,408,pants,blue,medium,unknown,unknown,unknown,unknown,unknown,unknown,unknown
367,00367.jpg,683,1024,409,top,blue,heavy,unknown,unknown,unknown,unknown,unknown,unknown,unknown
368,00368.jpg,682,1024,410,top,brown,medium,unknown,unknown,unknown,unknown,unknown,unknown,unknown
369,00369.jpg,463,1024,411,dress,brown,heavy,unknown,unknown,unknown,unknown,unknown,unknown,unknown
370,00370.jpg,546,1024,412,dress,brown,heavy,unknown,unknown,unknown,unknown,unknown,unknown,unknown
371,00371.jpg,685,1024,413,top,brown,medium,unknown,unknown,unknown,unknown,unknown,unknown,unknown
372,00372.jpg,502,1024,414,dress,brown,medium,unknown,unknown,unknown,unknown,unknown,unknown,unknown
373,00373.jpg,682,1024,415,top,red,heavy,unknown,unknown,unknown,unknown,unknown,unknown,unknown
374,00374.jpg,681,1024,416,top,blue,heavy,unknown,unknown,unknown,unknown,unknown,unknown,unknown
375,00375.jpg,682,1024,417,top,blue,medium,unknown,unknown,unknown,unknown,unknown,unknown,unknown
376,00376.jpg,682,1024,419,top,green,medium,unknown,unknown,unknown,unknown,unknown,unknown,unknown
377,00377.jpg,1024,680,420,pants,black,medium,unknown,unknown,unknown,unknown,unknown,unknown,unknown
378,00378.jpg,691,1024,421,top,blue,heavy,unknown,unknown,unknown,unknown,unknown,unknown,unknown
379,00379.jpg,682,1024,422,top,red,heavy,unknown,unknown,unknown,unknown,unknown,unknown,unknown
380,00380.jpg,492,1024,423,dress,brown,medium,unknown,unknown,unknown,unknown,unknown,unknown,unknown
381,00381.jpg,682,1024,424,top,black,medium,unknown,unknown,unknown,unknown,unknown,unknown,unknown
382,00382.jpg,682,1024,425,top,brown,heavy,unknown,unknown,unknown,unknown,unknown,unknown,unknown
383,00383.jpg,1024,682,426,pants,blue,medium,unknown,unknown,unknown,unknown,unknown,unknown,unknown
384,00384.jpg,1024,682,427,pants,red,heavy,unknown,unknown,unknown,unknown,unknown,unknown,unknown
385,00385.jpg,682,1024,428,top,green,heavy,unknown,unknown,unknown,unknown,unknown,unknown,unknown
386,00386.jpg,683,1024,430,top,blue,heavy,unknown,unknown,unknown,unknown,unknown,unknown,unknown
387,00387.jpg,683,1024,431,top,red,medium,unknown,unknown,unknown,unknown,unknown,unknown,unknown
388,00388.jpg,682,1024,432,top,green,heavy,unknown,unknown,unknown,unknown,unknown,unknown,unknown
389,00389.jpg,1024,682,433,pants,brown,medium,unknown,unknown,unknown,unknown,unknown,unknown,unknown
390,00390.jpg,683,1024,435,top,blue,heavy,unknown,unknown,unknown,unknown,unknown,unknown,unknown
391,00391.jpg,1024,682,436,pants,brown,medium,unknown,unknown,unknown,unknown,unknown,unknown,unknown
392,00392.jpg,683,1024,437,top,red,heavy,unknown,unknown,unknown,unknown,unknown,unknown,unknown
393,00393.jpg,679,1024,438,top,blue,heavy,unknown,unknown,unknown,unknown,unknown,unknown,unknown
394,00394.jpg,682,1024,440,top,red,heavy,unknown,unknown,unknown,unknown,unknown,unknown,unknown
395,00395.jpg,632,1024,441,top,brown,heavy,unknown,unknown,unknown,unknown,unknown,unknown,unknown
396,00396.jpg,683,1024,442,top,black,medium,unknown,unknown,unknown,unknown,unknown,unknown,unknown
397,00397.jpg,657,1024,443,top,black,medium,unknown,unknown,unknown,unknown,unknown,unknown,unknown
398,00398.jpg,650,1024,444,top,brown,medium,unknown,unknown,unknown,unknown,unknown,unknown,unknown
399,00399.jpg,682,1024,445,top,red,medium,unknown,unknown,unknown,unknown,unknown,unknown,unknown
400,00400.jpg,682,1024,446,top,brown,medium,unknown,unknown,unknown,unknown,unknown,unknown,unknown
401,00401.jpg,682,1024,447,top,brown,light,unknown,unknown,unknown,unknown,unknown,unknown,unknown
402,00402.jpg,682,1024,448,top,brown,heavy,unknown,unknown,unknown,unknown,unknown,unknown,unknown
403,00403.jpg,682,1024,449,top,brown,medium,unknown,unknown,unknown,unknown,unknown,unknown,unknown
404,00404.jpg,593,1024,450,top,brown,heavy,unknown,unknown,unknown,unknown,unknown,unknown,unknown
405,00405.jpg,683,1024,451,top,brown,medium,unknown,unknown,unknown,unknown,unknown,unknown,unknown
406,00406.jpg,682,1024,452,top,brown,heavy,unknown,unknown,unknown,unknown,unknown,unknown,unknown
407,00407.jpg,632,1024,453,top,brown,heavy,unknown,unknown,unknown,unknown,unknown,unknown,unknown
408,00408.jpg,682,1024,454,top,brown,heavy,unknown,unknown,unknown,unknown,unknown,unknown,unknown
409,00409.jpg,683,1024,455,top,brown,heavy,unknown,unknown,unknown,unknown,unknown,unknown,unknown
410,00410.jpg,626,1024,456,top,red,heavy,unknown,unknown,unknown,unknown,unknown,unknown,unknown
411,00411.jpg,683,1024,457,top,red,medium,unknown,unknown,unknown,unknown,unknown,unknown,unknown
412,00412.jpg,682,1024,458,top,brown,heavy,unknown,unknown,unknown,unknown,unknown,unknown,unknown
413,00413.jpg,693,1024,459,top,green,medium,unknown,unknown,unknown,unknown,unknown,unknown,unknown
414,00414.jpg,731,1024,460,top,white,heavy,unknown,unknown,unknown,unknown,unknown,unknown,unknown
415,00415.jpg,680,1024,461,top,blue,light,unknown,unknown,unknown,unknown,unknown,unknown,unknown
416,00416.jpg,683,1024,462,top,blue,medium,unknown,unknown,unknown,unknown,unknown,unknown,unknown
417,00417.jpg,682,1024,463,top,red,medium,unknown,unknown,unknown,unknown,unknown,unknown,unknown
418,00418.jpg,681,1024,464,top,blue,medium,unknown,unknown,unknown,unknown,unknown,unknown,unknown
419,00419.jpg,632,1024,465,top,brown,heavy,unknown,unknown,unknown,unknown,unknown,unknown,unknown
420,00420.jpg,679,1024,466,top,red,heavy,unknown,unknown,unknown,unknown,unknown,unknown,unknown
421,00421.jpg,768,1024,467,top,black,medium,unknown,unknown,unknown,unknown,unknown,unknown,unknown
422,00422.jpg,683,1024,468,top,brown,heavy,unknown,unknown,unknown,unknown,unknown,unknown,unknown
423,00423.jpg,683,1024,469,top,red,light,unknown,unknown,unknown,unknown,unknown,unknown,unknown
424,00424.jpg,566,1024,470,dress,green,heavy,unknown,unknown,unknown,unknown,unknown,unknown,unknown
425,00425.jpg,680,1024,471,top,blue,light,unknown,unknown,unknown,unknown,unknown,unknown,unknown
426,00426.jpg,682,1024,472,top,green,heavy,unknown,unknown,unknown,unknown,unknown,unknown,unknown
427,00427.jpg,682,1024,473,top,black,medium,unknown,unknown,unknown,unknown,unknown,unknown,unknown
428,00428.jpg,586,1024,474,top,brown,medium,unknown,unknown,unknown,unknown,unknown,unknown,unknown
429,00429.jpg,987,1024,475,pants,red,heavy,unknown,unknown,unknown,unknown,unknown,unknown,unknown
430,00430.jpg,1024,680,476,pants,blue,medium,unknown,unknown,unknown,unknown,unknown,unknown,unknown
431,00431.jpg,683,1024,477,top,red,medium,unknown,unknown,unknown,unknown,unknown,unknown,unknown
432,00432.jpg,1024,592,479,pants,blue,medium,unknown,unknown,unknown,unknown,unknown,unknown,unknown
433,00433.jpg,682,1024,480,top,brown,medium,unknown,unknown,unknown,unknown,unknown,unknown,unknown
434,00434.jpg,682,1024,481,top,green,heavy,unknown,unknown,unknown,unknown,unknown,unknown,unknown
435,00435.jpg,680,1024,482,top,brown,medium,unknown,unknown,unknown,unknown,unknown,unknown,unknown
436,00436.jpg,683,1024,483,top,black,light,unknown,unknown,unknown,unknown,unknown,unknown,unknown
437,00437.jpg,682,1024,484,top,blue,heavy,unknown,unknown,unknown,unknown,unknown,unknown,unknown
438,00438.jpg,791,1024,485,pants,red,medium,unknown,unknown,unknown,unknown,unknown,unknown,unknown
439,00439.jpg,682,1024,486,top,green,medium,unknown,unknown,unknown,unknown,unknown,unknown,unknown
440,00440.jpg,633,1024,488,top,brown,medium,unknown,unknown,unknown,unknown,unknown,unknown,unknown
441,00441.jpg,768,1024,489,top,red,light,unknown,unknown,unknown,unknown,unknown,unknown,unknown
442,00442.jpg,617,1024,490,top,brown,medium,unknown,unknown,unknown,unknown,unknown,unknown,unknown
443,00443.jpg,683,1024,491,top,blue,heavy,unknown,unknown,unknown,unknown,unknown,unknown,unknown
444,00444.jpg,680,1024,492,top,blue,light,unknown,unknown,unknown,unknown,unknown,unknown,unknown
445,00445.jpg,633,1024,493,top,blue,heavy,unknown,unknown,unknown,unknown,unknown,unknown,unknown
446,00446.jpg,682,1024,494,top,red,heavy,unknown,unknown,unknown,unknown,unknown,unknown,unknown
447,00447.jpg,680,1024,495,top,brown,medium,unknown,unknown,unknown,unknown,unknown,unknown,unknown
448,00448.jpg,680,1024,496,top,brown,heavy,unknown,unknown,unknown,unknown,unknown,unknown,unknown
449,00449.jpg,681,1024,497,top,brown,heavy,unknown,unknown,unknown,unknown,unknown,unknown,unknown
450,00450.jpg,682,1024,498,top,blue,heavy,unknown,unknown,unknown,unknown,unknown,unknown,unknown
451,00451.jpg,677,1024,499,top,green,heavy,unknown,unknown,unknown,unknown,unknown,unknown,unknown
452,00452.jpg,682,1024,500,top,brown,medium,unknown,unknown,unknown,unknown,unknown,unknown,unknown
453,00453.jpg,1024,682,501,pants,brown,medium,unknown,unknown,unknown,unknown,unknown,unknown,unknown
454,00454.jpg,680,1024,502,top,brown,light,unknown,unknown,unknown,unknown,unknown,unknown,unknown
455,00455.jpg,682,1024,503,top,blue,heavy,unknown,unknown,unknown,unknown,unknown,unknown,unknown
456,00456.jpg,681,1024,504,top,brown,heavy,unknown,unknown,unknown,unknown,unknown,unknown,unknown
457,00457.jpg,682,1024,505,top,blue,medium,unknown,unknown,unknown,unknown,unknown,unknown,unknown
458,00458.jpg,682,1024,506,top,red,heavy,unknown,unknown,unknown,unknown,unknown,unknown,unknown
459,00459.jpg,1024,683,507,pants,brown,medium,unknown,unknown,unknown,unknown,unknown,unknown,unknown
460,00460.jpg,506,1024,509,dress,brown,heavy,unknown,unknown,unknown,unknown,unknown,unknown,unknown
461,00461.jpg,972,1024,510,pants,brown,heavy,unknown,unknown,unknown,unknown,unknown,unknown,unknown
462,00462.jpg,682,1024,511,top,brown,medium,unknown,unknown,unknown,unknown,unknown,unknown,unknown
463,00463.jpg,1024,703,512,pants,blue,medium,unknown,unknown,unknown,unknown,unknown,unknown,unknown
464,00464.jpg,683,1024,513,top,brown,medium,unknown,unknown,unknown,unknown,unknown,unknown,unknown
465,00465.jpg,643,1024,514,top,brown,medium,unknown,unknown,unknown,unknown,unknown,unknown,unknown
466,00466.jpg,681,1024,515,top,red,heavy,unknown,unknown,unknown,unknown,unknown,unknown,unknown
467,00467.jpg,632,1024,516,top,red,medium,unknown,unknown,unknown,unknown,unknown,unknown,unknown
468,00468.jpg,683,1024,517,top,red,medium,unknown,unknown,unknown,unknown,unknown,unknown,unknown
469,00469.jpg,683,1024,518,top,brown,medium,unknown,unknown,unknown,unknown,unknown,unknown,unknown
470,00470.jpg,682,1024,520,top,black,heavy,unknown,unknown,unknown,unknown,unknown,unknown,unknown
471,00471.jpg,682,1024,521,top,brown,medium,unknown,unknown,unknown,unknown,unknown,unknown,unknown
472,00472.jpg,1024,819,522,pants,brown,heavy,unknown,unknown,unknown,unknown,unknown,unknown,unknown
473,00473.jpg,682,1024,523,top,brown,heavy,unknown,unknown,unknown,unknown,unknown,unknown,unknown
474,00474.jpg,674,1024,524,top,brown,heavy,unknown,unknown,unknown,unknown,unknown,unknown,unknown
475,00475.jpg,1024,1024,525,pants,red,heavy,unknown,unknown,unknown,unknown,unknown,unknown,unknown
476,00476.jpg,683,1024,526,top,blue,heavy,unknown,unknown,unknown,unknown,unknown,unknown,unknown
477,00477.jpg,683,1024,527,top,brown,heavy,unknown,unknown,unknown,unknown,unknown,unknown,unknown
478,00478.jpg,682,1024,528,top,blue,heavy,unknown,unknown,unknown,unknown,unknown,unknown,unknown
479,00479.jpg,632,1024,529,top,blue,medium,unknown,unknown,unknown,unknown,unknown,unknown,unknown
480,00480.jpg,680,1024,530,top,brown,medium,unknown,unknown,unknown,unknown,unknown,unknown,unknown
481,00481.jpg,681,1024,532,top,blue,heavy,unknown,unknown,unknown,unknown,unknown,unknown,unknown
482,00482.jpg,682,1024,533,top,brown,heavy,unknown,unknown,unknown,unknown,unknown,unknown,unknown
483,00483.jpg,683,1024,534,top,brown,medium,unknown,unknown,unknown,unknown,unknown,unknown,unknown
484,00484.jpg,683,1024,535,top,green,medium,unknown,unknown,unknown,unknown,unknown,unknown,unknown
485,00485.jpg,577,1024,536,top,red,medium,unknown,unknown,unknown,unknown,unknown,unknown,unknown
486,00486.jpg,683,1024,537,top,brown,heavy,unknown,unknown,unknown,unknown,unknown,unknown,unknown
487,00487.jpg,1024,682,538,pants,red,medium,unknown,unknown,unknown,unknown,unknown,unknown,unknown
488,00488.jpg,682,1024,540,top,brown,medium,unknown,unknown,unknown,unknown,unknown,unknown,unknown
489,00489.jpg,682,1024,541,top,blue,heavy,unknown,unknown,unknown,unknown,unknown,unknown,unknown
490,00490.jpg,682,1024,542,top,red,medium,unknown,unknown,unknown,unknown,unknown,unknown,unknown
491,00491.jpg,659,1024,543,top,brown,heavy,unknown,unknown,unknown,unknown,unknown,unknown,unknown
492,00492.jpg,680,1024,544,top,brown,heavy,unknown,unknown,unknown,unknown,unknown,unknown,unknown
493,00493.jpg,1024,678,545,pants,green,medium,unknown,unknown,unknown,unknown,unknown,unknown,unknown
494,00494.jpg,682,1024,546,top,brown,heavy,unknown,unknown,unknown,unknown,unknown,unknown,unknown
495,00495.jpg,682,1024,548,top,blue,heavy,unknown,unknown,unknown,unknown,unknown,unknown,unknown
496,00496.jpg,682,1024,549,top,red,heavy,unknown,unknown,unknown,unknown,unknown,unknown,unknown
497,00497.jpg,834,1024,550,pants,brown,heavy,unknown,unknown,unknown,unknown,unknown,unknown,unknown
498,00498.jpg,682,1024,551,top,brown,heavy,unknown,unknown,unknown,unknown,unknown,unknown,unknown
499,00499.jpg,632,1024,552,top,brown,heavy,unknown,unknown,unknown,unknown,unknown,unknown,unknown
500,00500.jpg,1024,682,553,pants,blue,heavy,unknown,unknown,unknown,unknown,unknown,unknown,unknown
501,00501.jpg,777,1024,554,top,black,medium,unknown,unknown,unknown,unknown,unknown,unknown,unknown
502,00502.jpg,681,1024,555,top,blue,heavy,unknown,unknown,unknown,unknown,unknown,unknown,unknown
503,00503.jpg,652,1024,556,top,blue,medium,unknown,unknown,unknown,unknown,unknown,unknown,unknown
504,00504.jpg,609,1024,557,top,brown,heavy,unknown,unknown,unknown,unknown,unknown,unknown,unknown
505,00505.jpg,1024,667,558,pants,red,heavy,unknown,unknown,unknown,unknown,unknown,unknown,unknown
506,00506.jpg,682,1024,559,top,brown,heavy,unknown,unknown,unknown,unknown,unknown,unknown,unknown
507,00507.jpg,682,1024,560,top,brown,heavy,unknown,unknown,unknown,unknown,unknown,unknown,unknown
508,00508.jpg,1024,682,561,pants,black,light,unknown,unknown,unknown,unknown,unknown,unknown,unknown
509,00509.jpg,768,1024,562,top,green,medium,unknown,unknown,unknown,unknown,unknown,unknown,unknown
510,00510.jpg,682,1024,563,top,red,heavy,unknown,unknown,unknown,unknown,unknown,unknown,unknown
511,00511.jpg,682,1024,564,top,red,medium,unknown,unknown,unknown,unknown,unknown,unknown,unknown
512,00512.jpg,1024,768,565,pants,blue,medium,unknown,unknown,unknown,unknown,unknown,unknown,unknown
513,00513.jpg,683,1024,566,top,red,medium,unknown,unknown,unknown,unknown,unknown,unknown,unknown
514,00514.jpg,1024,669,567,pants,blue,heavy,unknown,unknown,unknown,unknown,unknown,unknown,unknown
515,00515.jpg,1024,1024,568,pants,red,medium,unknown,unknown,unknown,unknown,unknown,unknown,unknown
516,00516.jpg,682,1024,569,top,brown,medium,unknown,unknown,unknown,unknown,unknown,unknown,unknown
517,00517.jpg,1024,683,570,pants,red,heavy,unknown,unknown,unknown,unknown,unknown,unknown,unknown
518,00518.jpg,650,1024,571,top,white,medium,unknown,unknown,unknown,unknown,unknown,unknown,unknown
519,00519.jpg,599,1024,572,top,brown,heavy,unknown,unknown,unknown,unknown,unknown,unknown,unknown
520,00520.jpg,681,1024,573,top,brown,heavy,unknown,unknown,unknown,unknown,unknown,unknown,unknown
521,00521.jpg,1024,682,574,pants,brown,heavy,unknown,unknown,unknown,unknown,unknown,unknown,unknown
522,00522.jpg,682,1024,575,top,brown,medium,unknown,unknown,unknown,unknown,unknown,unknown,unknown
523,00523.jpg,682,1024,576,top,brown,heavy,unknown,unknown,unknown,unknown,unknown,unknown,unknown
524,00524.jpg,684,1024,577,top,brown,medium,unknown,unknown,unknown,unknown,unknown,unknown,unknown
525,00525.jpg,593,1024,578,top,brown,heavy,unknown,unknown,unknown,unknown,unknown,unknown,unknown
526,00526.jpg,682,1024,579,top,brown,light,unknown,unknown,unknown,unknown,unknown,unknown,unknown
527,00527.jpg,682,1024,580,top,brown,medium,unknown,unknown,unknown,unknown,unknown,unknown,unknown
528,00528.jpg,1024,683,581,pants,brown,heavy,unknown,unknown,unknown,unknown,unknown,unknown,unknown
529,00529.jpg,682,1024,582,top,brown,medium,unknown,unknown,unknown,unknown,unknown,unknown,unknown
530,00530.jpg,682,1024,583,top,brown,medium,unknown,unknown,unknown,unknown,unknown,unknown,unknown
531,00531.jpg,683,1024,584,top,black,heavy,unknown,unknown,unknown,unknown,unknown,unknown,unknown
532,00532.jpg,682,1024,585,top,brown,medium,unknown,unknown,unknown,unknown,unknown,unknown,unknown
533,00533.jpg,1024,680,586,pants,black,light,unknown,unknown,unknown,unknown,unknown,unknown,unknown
534,00534.jpg,1024,680,587,pants,blue,medium,unknown,unknown,unknown,unknown,unknown,unknown,unknown
535,00535.jpg,682,1024,588,top,brown,heavy,unknown,unknown,unknown,unknown,unknown,unknown,unknown
536,00536.jpg,681,1024,589,top,red,medium,unknown,unknown,unknown,unknown,unknown,unknown,unknown
537,00537.jpg,683,1024,590,top,brown,heavy,unknown,unknown,unknown,unknown,unknown,unknown,unknown
538,00538.jpg,682,1024,591,top,red,heavy,unknown,unknown,unknown,unknown,unknown,unknown,unknown
539,00539.jpg,682,1024,592,top,red,heavy,unknown,unknown,unknown,unknown,unknown,unknown,unknown
540,00540.jpg,683,1024,593,top,blue,heavy,unknown,unknown,unknown,unknown,unknown,unknown,unknown
541,00541.jpg,683,1024,594,top,brown,medium,unknown,unknown,unknown,unknown,unknown,unknown,unknown
542,00542.jpg,677,1024,595,top,red,heavy,unknown,unknown,unknown,unknown,unknown,unknown,unknown
543,00543.jpg,682,1024,596,top,brown,medium,unknown,unknown,unknown,unknown,unknown,unknown,unknown
544,00544.jpg,632,1024,597,top,brown,medium,unknown,unknown,unknown,unknown,unknown,unknown,unknown
545,00545.jpg,731,1024,598,top,brown,heavy,unknown,unknown,unknown,unknown,unknown,unknown,unknown
546,00546.jpg,1024,682,599,pants,green,medium,unknown,unknown,unknown,unknown,unknown,unknown,unknown
547,00547.jpg,548,1024,600,dress,brown,medium,unknown,unknown,unknown,unknown,unknown,unknown,unknown
548,00548.jpg,683,1024,601,top,red,medium,unknown,unknown,unknown,unknown,unknown,unknown,unknown
549,00549.jpg,682,1024,602,top,brown,medium,unknown,unknown,unknown,unknown,unknown,unknown,unknown
550,00550.jpg,1024,682,603,pants,brown,medium,unknown,unknown,unknown,unknown,unknown,unknown,unknown
551,00551.jpg,682,1024,604,top,brown,heavy,unknown,unknown,unknown,unknown,unknown,unknown,unknown
552,00552.jpg,1024,683,605,pants,brown,heavy,unknown,unknown,unknown,unknown,unknown,unknown,unknown
553,00553.jpg,683,1024,606,top,red,heavy,unknown,unknown,unknown,unknown,unknown,unknown,unknown
554,00554.jpg,682,1024,607,top,brown,heavy,unknown,unknown,unknown,unknown,unknown,unknown,unknown
555,00555.jpg,1024,682,608,pants,brown,light,unknown,unknown,unknown,unknown,unknown,unknown,unknown
556,00556.jpg,1024,921,609,pants,brown,heavy,unknown,unknown,unknown,unknown,unknown,unknown,unknown
557,00557.jpg,633,1024,610,top,brown,medium,unknown,unknown,unknown,unknown,unknown,unknown,unknown
558,00558.jpg,681,1024,611,top,brown,heavy,unknown,unknown,unknown,unknown,unknown,unknown,unknown
559,00559.jpg,632,1024,612,top,brown,heavy,unknown,unknown,unknown,unknown,unknown,unknown,unknown
560,00560.jpg,1024,680,613,pants,brown,medium,unknown,unknown,unknown,unknown,unknown,unknown,unknown
561,00561.jpg,682,1024,614,top,brown,medium,unknown,unknown,unknown,unknown,unknown,unknown,unknown
562,00562.jpg,680,1024,615,top,brown,heavy,unknown,unknown,unknown,unknown,unknown,unknown,unknown
563,00563.jpg,682,1024,616,top,brown,heavy,unknown,unknown,unknown,unknown,unknown,unknown,unknown
564,00564.jpg,1024,683,617,pants,blue,heavy,unknown,unknown,unknown,unknown,unknown,unknown,unknown
565,00565.jpg,682,1024,618,top,blue,heavy,unknown,unknown,unknown,unknown,unknown,unknown,unknown
566,00566.jpg,682,1024,619,top,brown,medium,unknown,unknown,unknown,unknown,unknown,unknown,unknown
567,00567.jpg,682,1024,620,top,red,light,unknown,unknown,unknown,unknown,unknown,unknown,unknown
568,00568.jpg,632,1024,621,top,brown,heavy,unknown,unknown,unknown,unknown,unknown,unknown,unknown
569,00569.jpg,1024,682,622,pants,blue,medium,unknown,unknown,unknown,unknown,unknown,unknown,unknown
570,00570.jpg,662,1024,623,top,red,heavy,unknown,unknown,unknown,unknown,unknown,unknown,unknown
571,00571.jpg,680,1024,624,top,blue,medium,unknown,unknown,unknown,unknown,unknown,unknown,unknown
572,00572.jpg,658,1024,625,top,blue,medium,unknown,unknown,unknown,unknown,unknown,unknown,unknown
573,00573.jpg,441,1024,626,dress,brown,heavy,unknown,unknown,unknown,unknown,unknown,unknown,unknown
574,00574.jpg,683,1024,627,top,brown,medium,unknown,unknown,unknown,unknown,unknown,unknown,unknown
575,00575.jpg,1024,682,628,pants,black,heavy,unknown,unknown,unknown,unknown,unknown,unknown,unknown
576,00576.jpg,683,1024,629,top,blue,heavy,unknown,unknown,unknown,unknown,unknown,unknown,unknown
577,00577.jpg,1024,683,630,pants,brown,medium,unknown,unknown,unknown,unknown,unknown,unknown,unknown
578,00578.jpg,682,1024,631,top,red,medium,unknown,unknown,unknown,unknown,unknown,unknown,unknown
579,00579.jpg,1024,682,632,pants,blue,medium,unknown,unknown,unknown,unknown,unknown,unknown,unknown
580,00580.jpg,539,1024,633,dress,brown,heavy,unknown,unknown,unknown,unknown,unknown,unknown,unknown
581,00581.jpg,683,1024,634,top,green,medium,unknown,unknown,unknown,unknown,unknown,unknown,unknown
582,00582.jpg,682,1024,635,top,blue,medium,unknown,unknown,unknown,unknown,unknown,unknown,unknown
583,00583.jpg,682,1024,636,top,brown,medium,unknown,unknown,unknown,unknown,unknown,unknown,unknown
584,00584.jpg,1024,683,638,pants,red,medium,unknown,unknown,unknown,unknown,unknown,unknown,unknown
585,00585.jpg,682,1024,639,top,green,heavy,unknown,unknown,unknown,unknown,unknown,unknown,unknown
586,00586.jpg,682,1024,640,top,green,heavy,unknown,unknown,unknown,unknown,unknown,unknown,unknown
587,00587.jpg,682,1024,641,top,brown,medium,unknown,unknown,unknown,unknown,unknown,unknown,unknown
588,00588.jpg,633,1024,642,top,red,medium,unknown,unknown,unknown,unknown,unknown,unknown,unknown
589,00589.jpg,1024,792,643,pants,blue,medium,unknown,unknown,unknown,unknown,unknown,unknown,unknown
590,00590.jpg,1024,575,644,pants,brown,medium,unknown,unknown,unknown,unknown,unknown,unknown,unknown
591,00591.jpg,633,1024,645,top,blue,medium,unknown,unknown,unknown,unknown,unknown,unknown,unknown
592,00592.jpg,1024,682,646,pants,red,medium,unknown,unknown,unknown,unknown,unknown,unknown,unknown
593,00593.jpg,853,1024,647,pants,brown,medium,unknown,unknown,unknown,unknown,unknown,unknown,unknown
594,00594.jpg,683,1024,648,top,brown,medium,unknown,unknown,unknown,unknown,unknown,unknown,unknown
595,00595.jpg,721,1024,649,top,black,medium,unknown,unknown,unknown,unknown,unknown,unknown,unknown
596,00596.jpg,682,1024,650,top,brown,heavy,unknown,unknown,unknown,unknown,unknown,unknown,unknown
597,00597.jpg,683,1024,651,top,red,medium,unknown,unknown,unknown,unknown,unknown,unknown,unknown
598,00598.jpg,1024,682,652,pants,blue,medium,unknown,unknown,unknown,unknown,unknown,unknown,unknown
599,00599.jpg,684,1024,653,top,brown,heavy,unknown,unknown,unknown,unknown,unknown,unknown,unknown
600,00600.jpg,680,1024,654,top,brown,heavy,unknown,unknown,unknown,unknown,unknown,unknown,unknown
601,00601.jpg,1024,682,655,pants,brown,medium,unknown,unknown,unknown,unknown,unknown,unknown,unknown
602,00602.jpg,683,1024,656,top,brown,medium,unknown,unknown,unknown,unknown,unknown,unknown,unknown
603,00603.jpg,1024,1024,657,pants,red,light,unknown,unknown,unknown,unknown,unknown,unknown,unknown
604,00604.jpg,1024,768,658,pants,blue,medium,unknown,unknown,unknown,unknown,unknown,unknown,unknown
605,00605.jpg,683,1024,659,top,brown,light,unknown,unknown,unknown,unknown,unknown,unknown,unknown
606,00606.jpg,1024,1024,660,pants,red,medium,unknown,unknown,unknown,unknown,unknown,unknown,unknown
607,00607.jpg,1024,680,661,pants,black,heavy,unknown,unknown,unknown,unknown,unknown,unknown,unknown
608,00608.jpg,683,1024,662,top,brown,medium,unknown,unknown,unknown,unknown,unknown,unknown,unknown
609,00609.jpg,881,1024,664,pants,blue,heavy,unknown,unknown,unknown,unknown,unknown,unknown,unknown
610,00610.jpg,1024,680,665,pants,green,medium,unknown,unknown,unknown,unknown,unknown,unknown,unknown
611,00611.jpg,682,1024,666,top,blue,heavy,unknown,unknown,unknown,unknown,unknown,unknown,unknown
612,00612.jpg,1024,683,668,pants,black,light,unknown,unknown,unknown,unknown,unknown,unknown,unknown
613,00613.jpg,683,1024,669,top,brown,medium,unknown,unknown,unknown,unknown,unknown,unknown,unknown
614,00614.jpg,630,1024,670,top,white,light,unknown,unknown,unknown,unknown,unknown,unknown,unknown
615,00615.jpg,731,1024,671,top,brown,heavy,unknown,unknown,unknown,unknown,unknown,unknown,unknown
616,00616.jpg,681,1024,672,top,brown,heavy,unknown,unknown,unknown,unknown,unknown,unknown,unknown
617,00617.jpg,683,1024,673,top,red,heavy,unknown,unknown,unknown,unknown,unknown,unknown,unknown
618,00618.jpg,647,1024,674,top,brown,heavy,unknown,unknown,unknown,unknown,unknown,unknown,unknown
619,00619.jpg,682,1024,675,top,brown,light,unknown,unknown,unknown,unknown,unknown,unknown,unknown
620,00620.jpg,683,1024,676,top,blue,medium,unknown,unknown,unknown,unknown,unknown,unknown,unknown
621,00621.jpg,633,1024,677,top,red,light,unknown,unknown,unknown,unknown,unknown,unknown,unknown
622,00622.jpg,680,1024,678,top,brown,heavy,unknown,unknown,unknown,unknown,unknown,unknown,unknown
623,00623.jpg,632,1024,679,top,brown,heavy,unknown,unknown,unknown,unknown,unknown,unknown,unknown
624,00624.jpg,1024,1024,680,pants,red,medium,unknown,unknown,unknown,unknown,unknown,unknown,unknown
625,00625.jpg,499,1024,681,dress,red,heavy,unknown,unknown,unknown,unknown,unknown,unknown,unknown
626,00626.jpg,682,1024,682,top,blue,heavy,unknown,unknown,unknown,unknown,unknown,unknown,unknown
627,00627.jpg,678,1024,683,top,green,heavy,unknown,unknown,unknown,unknown,unknown,unknown,unknown
628,00628.jpg,680,1024,684,top,brown,medium,unknown,unknown,unknown,unknown,unknown,unknown,unknown
629,00629.jpg,682,1024,685,top,brown,heavy,unknown,unknown,unknown,unknown,unknown,unknown,unknown
630,00630.jpg,768,1024,686,top,blue,medium,unknown,unknown,unknown,unknown,unknown,unknown,unknown
631,00631.jpg,683,1024,687,top,brown,medium,unknown,unknown,unknown,unknown,unknown,unknown,unknown
632,00632.jpg,1024,682,688,pants,black,medium,unknown,unknown,unknown,unknown,unknown,unknown,unknown
633,00633.jpg,1024,661,689,pants,red,light,unknown,unknown,unknown,unknown,unknown,unknown,unknown
634,00634.jpg,682,1024,690,top,blue,medium,unknown,unknown,unknown,unknown,unknown,unknown,unknown
635,00635.jpg,1024,1024,691,pants,white,medium,unknown,unknown,unknown,unknown,unknown,unknown,unknown
636,00636.jpg,681,1024,692,top,blue,heavy,unknown,unknown,unknown,unknown,unknown,unknown,unknown
637,00637.jpg,1024,682,693,pants,brown,medium,unknown,unknown,unknown,unknown,unknown,unknown,unknown
638,00638.jpg,582,1024,694,top,red,medium,unknown,unknown,unknown,unknown,unknown,unknown,unknown
639,00639.jpg,633,1024,695,top,brown,medium,unknown,unknown,unknown,unknown,unknown,unknown,unknown
640,00640.jpg,1024,682,696,pants,black,medium,unknown,unknown,unknown,unknown,unknown,unknown,unknown
641,00641.jpg,680,1024,697,top,green,light,unknown,unknown,unknown,unknown,unknown,unknown,unknown
642,00642.jpg,587,1024,698,top,red,medium,unknown,unknown,unknown,unknown,unknown,unknown,unknown
643,00643.jpg,421,1024,699,dress,green,heavy,unknown,unknown,unknown,unknown,unknown,unknown,unknown
644,00644.jpg,682,1024,700,top,brown,heavy,unknown,unknown,unknown,unknown,unknown,unknown,unknown
645,00645.jpg,681,1024,701,top,brown,heavy,unknown,unknown,unknown,unknown,unknown,unknown,unknown
646,00646.jpg,682,1024,702,top,brown,heavy,unknown,unknown,unknown,unknown,unknown,unknown,unknown
647,00647.jpg,682,1024,703,top,blue,heavy,unknown,unknown,unknown,unknown,unknown,unknown,unknown
648,00648.jpg,682,1024,704,top,red,light,unknown,unknown,unknown,unknown,unknown,unknown,unknown
649,00649.jpg,655,1024,705,top,brown,heavy,unknown,unknown,unknown,unknown,unknown,unknown,unknown
650,00650.jpg,682,1024,706,top,brown,heavy,unknown,unknown,unknown,unknown,unknown,unknown,unknown
651,00651.jpg,1024,701,707,pants,brown,heavy,unknown,unknown,unknown,unknown,unknown,unknown,unknown
652,00652.jpg,1024,683,708,pants,brown,medium,unknown,unknown,unknown,unknown,unknown,unknown,unknown
653,00653.jpg,563,1024,709,dress,red,heavy,unknown,unknown,unknown,unknown,unknown,unknown,unknown
654,00654.jpg,1024,758,710,pants,brown,medium,unknown,unknown,unknown,unknown,unknown,unknown,unknown
655,00655.jpg,510,1024,711,dress,brown,medium,unknown,unknown,unknown,unknown,unknown,unknown,unknown
656,00656.jpg,576,1024,712,top,blue,medium,unknown,unknown,unknown,unknown,unknown,unknown,unknown
657,00657.jpg,680,1024,713,top,brown,medium,unknown,unknown,unknown,unknown,unknown,unknown,unknown
658,00658.jpg,680,1024,714,top,red,medium,unknown,unknown,unknown,unknown,unknown,unknown,unknown
659,00659.jpg,681,1024,715,top,brown,heavy,unknown,unknown,unknown,unknown,unknown,unknown,unknown
660,00660.jpg,683,1024,716,top,brown,heavy,unknown,unknown,unknown,unknown,unknown,unknown,unknown
661,00661.jpg,683,1024,717,top,brown,heavy,unknown,unknown,unknown,unknown,unknown,unknown,unknown
662,00662.jpg,682,1024,718,top,green,medium,unknown,unknown,unknown,unknown,unknown,unknown,unknown
663,00663.jpg,682,1024,719,top,red,heavy,unknown,unknown,unknown,unknown,unknown,unknown,unknown
664,00664.jpg,682,1024,720,top,brown,heavy,unknown,unknown,unknown,unknown,unknown,unknown,unknown
665,00665.jpg,682,1024,721,top,brown,heavy,unknown,unknown,unknown,unknown,unknown,unknown,unknown
666,00666.jpg,683,1024,722,top,brown,heavy,unknown,unknown,unknown,unknown,unknown,unknown,unknown
667,00667.jpg,682,1024,723,top,brown,medium,unknown,unknown,unknown,unknown,unknown,unknown,unknown
668,00668.jpg,627,1024,724,top,brown,medium,unknown,unknown,unknown,unknown,unknown,unknown,unknown
669,00669.jpg,671,1024,725,top,blue,medium,unknown,unknown,unknown,unknown,unknown,unknown,unknown
670,00670.jpg,681,1024,726,top,brown,heavy,unknown,unknown,unknown,unknown,unknown,unknown,unknown
671,00671.jpg,828,1024,727,pants,blue,medium,unknown,unknown,unknown,unknown,unknown,unknown,unknown
672,00672.jpg,682,1024,728,top,white,light,unknown,unknown,unknown,unknown,unknown,unknown,unknown
673,00673.jpg,632,1024,729,top,red,heavy,unknown,unknown,unknown,unknown,unknown,unknown,unknown
674,00674.jpg,682,1024,730,top,black,medium,unknown,unknown,unknown,unknown,unknown,unknown,unknown
675,00675.jpg,682,1024,731,top,red,heavy,unknown,unknown,unknown,unknown,unknown,unknown,unknown
676,00676.jpg,1024,680,732,pants,brown,heavy,unknown,unknown,unknown,unknown,unknown,unknown,unknown
677,00677.jpg,682,1024,733,top,blue,medium,unknown,unknown,unknown,unknown,unknown,unknown,unknown
678,00678.jpg,680,1024,734,top,brown,medium,unknown,unknown,unknown,unknown,unknown,unknown,unknown
679,00679.jpg,1024,683,735,pants,green,medium,unknown,unknown,unknown,unknown,unknown,unknown,unknown
680,00680.jpg,739,1024,737,top,red,heavy,unknown,unknown,unknown,unknown,unknown,unknown,unknown
681,00681.jpg,1024,681,738,pants,brown,medium,unknown,unknown,unknown,unknown,unknown,unknown,unknown
682,00682.jpg,633,1024,739,top,brown,medium,unknown,unknown,unknown,unknown,unknown,unknown,unknown
683,00683.jpg,1024,682,740,pants,green,heavy,unknown,unknown,unknown,unknown,unknown,unknown,unknown
684,00684.jpg,682,1024,741,top,blue,heavy,unknown,unknown,unknown,unknown,unknown,unknown,unknown
685,00685.jpg,767,1024,745,top,green,heavy,unknown,unknown,unknown,unknown,unknown,unknown,unknown
686,00686.jpg,683,1024,746,top,blue,medium,unknown,unknown,unknown,unknown,unknown,unknown,unknown
687,00687.jpg,680,1024,747,top,brown,heavy,unknown,unknown,unknown,unknown,unknown,unknown,unknown
688,00688.jpg,682,1024,748,top,brown,heavy,unknown,unknown,unknown,unknown,unknown,unknown,unknown
689,00689.jpg,683,1024,749,top,brown,medium,unknown,unknown,unknown,unknown,unknown,unknown,unknown
690,00690.jpg,682,1024,750,top,black,medium,unknown,unknown,unknown,unknown,unknown,unknown,unknown
691,00691.jpg,633,1024,752,top,brown,medium,unknown,unknown,unknown,unknown,unknown,unknown,unknown
692,00692.jpg,683,1024,753,top,brown,medium,unknown,unknown,unknown,unknown,unknown,unknown,unknown
693,00693.jpg,680,1024,754,top,green,medium,unknown,unknown,unknown,unknown,unknown,unknown,unknown
694,00694.jpg,678,1024,755,top,green,medium,unknown,unknown,unknown,unknown,unknown,unknown,unknown
695,00695.jpg,682,1024,756,top,brown,heavy,unknown,unknown,unknown,unknown,unknown,unknown,unknown
696,00696.jpg,682,1024,757,top,brown,heavy,unknown,unknown,unknown,unknown,unknown,unknown,unknown
697,00697.jpg,682,1024,758,top,red,heavy,unknown,unknown,unknown,unknown,unknown,unknown,unknown
698,00698.jpg,903,1024,759,pants,brown,light,unknown,unknown,unknown,unknown,unknown,unknown,unknown
699,00699.jpg,1024,630,760,pants,blue,medium,unknown,unknown,unknown,unknown,unknown,unknown,unknown
700,00700.jpg,647,1024,761,top,red,heavy,unknown,unknown,unknown,unknown,unknown,unknown,unknown
701,00701.jpg,633,1024,762,top,red,medium,unknown,unknown,unknown,unknown,unknown,unknown,unknown
702,00702.jpg,731,1024,763,top,blue,medium,unknown,unknown,unknown,unknown,unknown,unknown,unknown
703,00703.jpg,682,1024,764,top,green,medium,unknown,unknown,unknown,unknown,unknown,unknown,unknown
704,00704.jpg,1024,683,765,pants,green,medium,unknown,unknown,unknown,unknown,unknown,unknown,unknown
705,00705.jpg,633,1024,766,top,brown,medium,unknown,unknown,unknown,unknown,unknown,unknown,unknown
706,00706.jpg,682,1024,767,top,brown,heavy,unknown,unknown,unknown,unknown,unknown,unknown,unknown
707,00707.jpg,678,1024,768,top,green,medium,unknown,unknown,unknown,unknown,unknown,unknown,unknown
708,00708.jpg,1024,682,769,pants,brown,medium,unknown,unknown,unknown,unknown,unknown,unknown,unknown
709,00709.jpg,1024,682,770,pants,red,heavy,unknown,unknown,unknown,unknown,unknown,unknown,unknown
710,00710.jpg,682,1024,771,top,blue,heavy,unknown,unknown,unknown,unknown,unknown,unknown,unknown
711,00711.jpg,683,1024,772,top,brown,heavy,unknown,unknown,unknown,unknown,unknown,unknown,unknown
712,00712.jpg,683,1024,773,top,brown,heavy,unknown,unknown,unknown,unknown,unknown,unknown,unknown
713,00713.jpg,1024,680,774,pants,brown,heavy,unknown,unknown,unknown,unknown,unknown,unknown,unknown
714,00714.jpg,683,1024,775,top,blue,medium,unknown,unknown,unknown,unknown,unknown,unknown,unknown
715,00715.jpg,682,1024,776,top,blue,heavy,unknown,unknown,unknown,unknown,unknown,unknown,unknown
716,00716.jpg,682,1024,777,top,brown,heavy,unknown,unknown,unknown,unknown,unknown,unknown,unknown
717,00717.jpg,711,1024,778,top,blue,light,unknown,unknown,unknown,unknown,unknown,unknown,unknown
718,00718.jpg,683,1024,779,top,brown,medium,unknown,unknown,unknown,unknown,unknown,unknown,unknown
719,00719.jpg,683,1024,780,top,red,light,unknown,unknown,unknown,unknown,unknown,unknown,unknown
720,00720.jpg,1024,682,781,pants,brown,heavy,unknown,unknown,unknown,unknown,unknown,unknown,unknown
721,00721.jpg,682,1024,782,top,brown,heavy,unknown,unknown,unknown,unknown,unknown,unknown,unknown
722,00722.jpg,684,1024,783,top,black,heavy,unknown,unknown,unknown,unknown,unknown,unknown,unknown
723,00723.jpg,1024,693,784,pants,black,medium,unknown,unknown,unknown,unknown,unknown,unknown,unknown
724,00724.jpg,716,1024,785,top,blue,heavy,unknown,unknown,unknown,unknown,unknown,unknown,unknown
725,00725.jpg,682,1024,786,top,brown,medium,unknown,unknown,unknown,unknown,unknown,unknown,unknown
726,00726.jpg,1024,679,787,pants,brown,heavy,unknown,unknown,unknown,unknown,unknown,unknown,unknown
727,00727.jpg,682,1024,788,top,blue,heavy,unknown,unknown,unknown,unknown,unknown,unknown,unknown
728,00728.jpg,682,1024,789,top,brown,heavy,unknown,unknown,unknown,unknown,unknown,unknown,unknown
729,00729.jpg,682,1024,790,top,brown,heavy,unknown,unknown,unknown,unknown,unknown,unknown,unknown
730,00730.jpg,682,1024,791,top,red,medium,unknown,unknown,unknown,unknown,unknown,unknown,unknown
731,00731.jpg,882,1024,792,pants,brown,medium,unknown,unknown,unknown,unknown,unknown,unknown,unknown
732,00732.jpg,682,1024,793,top,blue,medium,unknown,unknown,unknown,unknown,unknown,unknown,unknown
733,00733.jpg,682,1024,794,top,brown,heavy,unknown,unknown,unknown,unknown,unknown,unknown,unknown
734,00734.jpg,1024,688,795,pants,green,light,unknown,unknown,unknown,unknown,unknown,unknown,unknown
735,00735.jpg,1024,682,796,pants,blue,medium,unknown,unknown,unknown,unknown,unknown,unknown,unknown
736,00736.jpg,683,1024,797,top,brown,medium,unknown,unknown,unknown,unknown,unknown,unknown,unknown
737,00737.jpg,682,1024,798,top,brown,medium,unknown,unknown,unknown,unknown,unknown,unknown,unknown
738,00738.jpg,683,1024,799,top,brown,heavy,unknown,unknown,unknown,unknown,unknown,unknown,unknown
739,00739.jpg,605,1024,800,top,brown,heavy,unknown,unknown,unknown,unknown,unknown,unknown,unknown
740,00740.jpg,677,1024,801,top,red,medium,unknown,unknown,unknown,unknown,unknown,unknown,unknown
741,00741.jpg,682,1024,802,top,green,heavy,unknown,unknown,unknown,unknown,unknown,unknown,unknown
742,00742.jpg,1024,682,803,pants,red,heavy,unknown,unknown,unknown,unknown,unknown,unknown,unknown
743,00743.jpg,682,1024,804,top,red,heavy,unknown,unknown,unknown,unknown,unknown,unknown,unknown
744,00744.jpg,1024,680,805,pants,brown,heavy,unknown,unknown,unknown,unknown,unknown,unknown,unknown
745,00745.jpg,683,1024,806,top,brown,medium,unknown,unknown,unknown,unknown,unknown,unknown,unknown
746,00746.jpg,1024,682,807,pants,blue,heavy,unknown,unknown,unknown,unknown,unknown,unknown,unknown
747,00747.jpg,682,1024,808,top,brown,heavy,unknown,unknown,unknown,unknown,unknown,unknown,unknown
748,00748.jpg,683,1024,809,top,brown,heavy,unknown,unknown,unknown,unknown,unknown,unknown,unknown
749,00749.jpg,1024,680,810,pants,brown,medium,unknown,unknown,unknown,unknown,unknown,unknown,unknown
750,00750.jpg,682,1024,811,top,blue,medium,unknown,unknown,unknown,unknown,unknown,unknown,unknown
751,00751.jpg,682,1024,812,top,brown,heavy,unknown,unknown,unknown,unknown,unknown,unknown,unknown
752,00752.jpg,682,1024,813,top,brown,heavy,unknown,unknown,unknown,unknown,unknown,unknown,unknown
753,00753.jpg,838,1024,814,pants,green,medium,unknown,unknown,unknown,unknown,unknown,unknown,unknown
754,00754.jpg,679,1024,815,top,red,medium,unknown,unknown,unknown,unknown,unknown,unknown,unknown
755,00755.jpg,1024,682,816,pants,white,sheer,unknown,unknown,unknown,unknown,unknown,unknown,unknown
756,00756.jpg,682,1024,817,top,brown,medium,unknown,unknown,unknown,unknown,unknown,unknown,unknown
757,00757.jpg,760,1024,818,top,black,heavy,unknown,unknown,unknown,unknown,unknown,unknown,unknown
758,00758.jpg,681,1024,819,top,black,medium,unknown,unknown,unknown,unknown,unknown,unknown,unknown
759,00759.jpg,683,1024,820,top,black,medium,unknown,unknown,unknown,unknown,unknown,unknown,unknown
760,00760.jpg,632,1024,821,top,brown,medium,unknown,unknown,unknown,unknown,unknown,unknown,unknown
761,00761.jpg,682,1024,822,top,black,light,unknown,unknown,unknown,unknown,unknown,unknown,unknown
762,00762.jpg,633,1024,823,top,brown,medium,unknown,unknown,unknown,unknown,unknown,unknown,unknown
763,00763.jpg,682,1024,824,top,red,light,unknown,unknown,unknown,unknown,unknown,unknown,unknown
764,00764.jpg,682,1024,825,top,red,medium,unknown,unknown,unknown,unknown,unknown,unknown,unknown
765,00765.jpg,1024,682,826,pants,brown,heavy,unknown,unknown,unknown,unknown,unknown,unknown,unknown
766,00766.jpg,717,1024,827,top,green,heavy,unknown,unknown,unknown,unknown,unknown,unknown,unknown
767,00767.jpg,768,1024,828,top,brown,medium,unknown,unknown,unknown,unknown,unknown,unknown,unknown
768,00768.jpg,622,1024,829,top,brown,medium,unknown,unknown,unknown,unknown,unknown,unknown,unknown
769,00769.jpg,681,1024,830,top,green,medium,unknown,unknown,unknown,unknown,unknown,unknown,unknown
770,00770.jpg,683,1024,831,top,brown,heavy,unknown,unknown,unknown,unknown,unknown,unknown,unknown
771,00771.jpg,682,1024,832,top,brown,medium,unknown,unknown,unknown,unknown,unknown,unknown,unknown
772,00772.jpg,683,1024,833,top,blue,heavy,unknown,unknown,unknown,unknown,unknown,unknown,unknown
773,00773.jpg,1024,1024,834,pants,red,heavy,unknown,unknown,unknown,unknown,unknown,unknown,unknown
774,00774.jpg,684,1024,835,top,red,heavy,unknown,unknown,unknown,unknown,unknown,unknown,unknown
775,00775.jpg,682,1024,836,top,blue,heavy,unknown,unknown,unknown,unknown,unknown,unknown,unknown
776,00776.jpg,682,1024,837,top,brown,medium,unknown,unknown,unknown,unknown,unknown,unknown,unknown
777,00777.jpg,682,1024,838,top,blue,medium,unknown,unknown,unknown,unknown,unknown,unknown,unknown
778,00778.jpg,681,1024,839,top,black,medium,unknown,unknown,unknown,unknown,unknown,unknown,unknown
779,00779.jpg,683,1024,840,top,brown,medium,unknown,unknown,unknown,unknown,unknown,unknown,unknown
780,00780.jpg,680,1024,841,top,brown,medium,unknown,unknown,unknown,unknown,unknown,unknown,unknown
781,00781.jpg,681,1024,842,top,blue,heavy,unknown,unknown,unknown,unknown,unknown,unknown,unknown
782,00782.jpg,683,1024,843,top,red,heavy,unknown,unknown,unknown,unknown,unknown,unknown,unknown
783,00783.jpg,682,1024,844,top,brown,medium,unknown,unknown,unknown,unknown,unknown,unknown,unknown
784,00784.jpg,677,1024,845,top,red,medium,unknown,unknown,unknown,unknown,unknown,unknown,unknown
785,00785.jpg,592,1024,846,top,red,medium,unknown,unknown,unknown,unknown,unknown,unknown,unknown
786,00786.jpg,682,1024,847,top,black,medium,unknown,unknown,unknown,unknown,unknown,unknown,unknown
787,00787.jpg,1024,682,848,pants,green,medium,unknown,unknown,unknown,unknown,unknown,unknown,unknown
788,00788.jpg,683,1024,849,top,brown,heavy,unknown,unknown,unknown,unknown,unknown,unknown,unknown
789,00789.jpg,1024,768,850,pants,brown,light,unknown,unknown,unknown,unknown,unknown,unknown,unknown
790,00790.jpg,681,1024,851,top,brown,heavy,unknown,unknown,unknown,unknown,unknown,unknown,unknown
791,00791.jpg,1024,1024,852,pants,red,medium,unknown,unknown,unknown,unknown,unknown,unknown,unknown
792,00792.jpg,682,1024,853,top,green,medium,unknown,unknown,unknown,unknown,unknown,unknown,unknown
793,00793.jpg,682,1024,854,top,brown,light,unknown,unknown,unknown,unknown,unknown,unknown,unknown
794,00794.jpg,682,1024,855,top,brown,light,unknown,unknown,unknown,unknown,unknown,unknown,unknown
795,00795.jpg,1024,680,856,pants,brown,medium,unknown,unknown,unknown,unknown,unknown,unknown,unknown
796,00796.jpg,1024,651,857,pants,blue,medium,unknown,unknown,unknown,unknown,unknown,unknown,unknown
797,00797.jpg,682,1024,858,top,red,heavy,unknown,unknown,unknown,unknown,unknown,unknown,unknown
798,00798.jpg,807,1024,859,pants,blue,medium,unknown,unknown,unknown,unknown,unknown,unknown,unknown
799,00799.jpg,664,1024,860,top,red,heavy,unknown,unknown,unknown,unknown,unknown,unknown,unknown
800,00800.jpg,683,1024,861,top,blue,heavy,unknown,unknown,unknown,unknown,unknown,unknown,unknown
801,00801.jpg,679,1024,862,top,red,medium,unknown,unknown,unknown,unknown,unknown,unknown,unknown
802,00802.jpg,678,1024,863,top,green,medium,unknown,unknown,unknown,unknown,unknown,unknown,unknown
803,00803.jpg,576,1024,865,top,brown,heavy,unknown,unknown,unknown,unknown,unknown,unknown,unknown
804,00804.jpg,1024,681,866,pants,brown,medium,unknown,unknown,unknown,unknown,unknown,unknown,unknown
805,00805.jpg,682,1024,867,top,blue,light,unknown,unknown,unknown,unknown,unknown,unknown,unknown
806,00806.jpg,682,1024,868,top,black,medium,unknown,unknown,unknown,unknown,unknown,unknown,unknown
807,00807.jpg,691,1024,869,top,blue,medium,unknown,unknown,unknown,unknown,unknown,unknown,unknown
808,00808.jpg,682,1024,870,top,black,medium,unknown,unknown,unknown,unknown,unknown,unknown,unknown
809,00809.jpg,632,1024,872,top,brown,medium,unknown,unknown,unknown,unknown,unknown,unknown,unknown
810,00810.jpg,680,1024,873,top,green,heavy,unknown,unknown,unknown,unknown,unknown,unknown,unknown
811,00811.jpg,683,1024,874,top,brown,heavy,unknown,unknown,unknown,unknown,unknown,unknown,unknown
812,00812.jpg,681,1024,875,top,blue,heavy,unknown,unknown,unknown,unknown,unknown,unknown,unknown
813,00813.jpg,682,1024,876,top,red,medium,unknown,unknown,unknown,unknown,unknown,unknown,unknown
814,00814.jpg,1024,1024,877,pants,brown,medium,unknown,unknown,unknown,unknown,unknown,unknown,unknown
815,00815.jpg,682,1024,878,top,black,light,unknown,unknown,unknown,unknown,unknown,unknown,unknown
816,00816.jpg,667,1024,879,top,blue,medium,unknown,unknown,unknown,unknown,unknown,unknown,unknown
817,00817.jpg,501,1024,880,dress,brown,heavy,unknown,unknown,unknown,unknown,unknown,unknown,unknown
818,00818.jpg,682,1024,881,top,brown,heavy,unknown,unknown,unknown,unknown,unknown,unknown,unknown
819,00819.jpg,680,1024,882,top,brown,medium,unknown,unknown,unknown,unknown,unknown,unknown,unknown
820,00820.jpg,682,1024,883,top,blue,heavy,unknown,unknown,unknown,unknown,unknown,unknown,unknown
821,00821.jpg,683,1024,884,top,white,medium,unknown,unknown,unknown,unknown,unknown,unknown,unknown
822,00822.jpg,1024,682,885,pants,black,light,unknown,unknown,unknown,unknown,unknown,unknown,unknown
823,00823.jpg,682,1024,887,top,blue,heavy,unknown,unknown,unknown,unknown,unknown,unknown,unknown
824,00824.jpg,1024,682,888,pants,blue,medium,unknown,unknown,unknown,unknown,unknown,unknown,unknown
825,00825.jpg,682,1024,889,top,brown,medium,unknown,unknown,unknown,unknown,unknown,unknown,unknown
826,00826.jpg,819,1024,890,pants,brown,heavy,unknown,unknown,unknown,unknown,unknown,unknown,unknown
827,00827.jpg,682,1024,891,top,red,heavy,unknown,unknown,unknown,unknown,unknown,unknown,unknown
828,00828.jpg,681,1024,892,top,brown,heavy,unknown,unknown,unknown,unknown,unknown,unknown,unknown
829,00829.jpg,677,1024,893,top,brown,heavy,unknown,unknown,unknown,unknown,unknown,unknown,unknown
830,00830.jpg,1024,940,894,pants,brown,heavy,unknown,unknown,unknown,unknown,unknown,unknown,unknown
831,00831.jpg,633,1024,895,top,brown,medium,unknown,unknown,unknown,unknown,unknown,unknown,unknown
832,00832.jpg,682,1024,896,top,blue,heavy,unknown,unknown,unknown,unknown,unknown,unknown,unknown
833,00833.jpg,632,1024,897,top,red,medium,unknown,unknown,unknown,unknown,unknown,unknown,unknown
834,00834.jpg,682,1024,898,top,blue,medium,unknown,unknown,unknown,unknown,unknown,unknown,unknown
835,00835.jpg,683,1024,899,top,red,heavy,unknown,unknown,unknown,unknown,unknown,unknown,unknown
836,00836.jpg,682,1024,900,top,black,medium,unknown,unknown,unknown,unknown,unknown,unknown,unknown
837,00837.jpg,683,1024,901,top,brown,medium,unknown,unknown,unknown,unknown,unknown,unknown,unknown
838,00838.jpg,683,1024,902,top,brown,medium,unknown,unknown,unknown,unknown,unknown,unknown,unknown
839,00839.jpg,1024,682,903,pants,blue,light,unknown,unknown,unknown,unknown,unknown,unknown,unknown
840,00840.jpg,1024,682,904,pants,blue,medium,unknown,unknown,unknown,unknown,unknown,unknown,unknown
841,00841.jpg,682,1024,905,top,brown,medium,unknown,unknown,unknown,unknown,unknown,unknown,unknown
842,00842.jpg,683,1024,906,top,blue,heavy,unknown,unknown,unknown,unknown,unknown,unknown,unknown
843,00843.jpg,606,1024,907,top,brown,heavy,unknown,unknown,unknown,unknown,unknown,unknown,unknown
844,00844.jpg,1024,683,908,pants,brown,light,unknown,unknown,unknown,unknown,unknown,unknown,unknown
845,00845.jpg,768,1024,909,top,brown,medium,unknown,unknown,unknown,unknown,unknown,unknown,unknown
846,00846.jpg,1024,682,910,pants,brown,heavy,unknown,unknown,unknown,unknown,unknown,unknown,unknown
847,00847.jpg,1024,682,911,pants,white,medium,unknown,unknown,unknown,unknown,unknown,unknown,unknown
848,00848.jpg,681,1024,912,top,blue,heavy,unknown,unknown,unknown,unknown,unknown,unknown,unknown
849,00849.jpg,682,1024,913,top,brown,medium,unknown,unknown,unknown,unknown,unknown,unknown,unknown
850,00850.jpg,768,1024,914,top,brown,medium,unknown,unknown,unknown,unknown,unknown,unknown,unknown
851,00851.jpg,683,1024,915,top,brown,medium,unknown,unknown,unknown,unknown,unknown,unknown,unknown
852,00852.jpg,682,1024,916,top,red,medium,unknown,unknown,unknown,unknown,unknown,unknown,unknown
853,00853.jpg,681,1024,917,top,red,medium,unknown,unknown,unknown,unknown,unknown,unknown,unknown
854,00854.jpg,1024,1022,918,pants,red,heavy,unknown,unknown,unknown,unknown,unknown,unknown,unknown
855,00855.jpg,682,1024,919,top,brown,medium,unknown,unknown,unknown,unknown,unknown,unknown,unknown
856,00856.jpg,681,1024,920,top,brown,heavy,unknown,unknown,unknown,unknown,unknown,unknown,unknown
857,00857.jpg,683,1024,921,top,brown,medium,unknown,unknown,unknown,unknown,unknown,unknown,unknown
858,00858.jpg,1024,682,922,pants,black,medium,unknown,unknown,unknown,unknown,unknown,unknown,unknown
859,00859.jpg,682,1024,924,top,blue,heavy,unknown,unknown,unknown,unknown,unknown,unknown,unknown
860,00860.jpg,683,1024,925,top,brown,heavy,unknown,unknown,unknown,unknown,unknown,unknown,unknown
861,00861.jpg,683,1024,926,top,brown,medium,unknown,unknown,unknown,unknown,unknown,unknown,unknown
862,00862.jpg,529,1024,927,dress,red,heavy,unknown,unknown,unknown,unknown,unknown,unknown,unknown
863,00863.jpg,682,1024,928,top,brown,heavy,unknown,unknown,unknown,unknown,unknown,unknown,unknown
864,00864.jpg,683,1024,929,top,brown,heavy,unknown,unknown,unknown,unknown,unknown,unknown,unknown
865,00865.jpg,682,1024,930,top,red,heavy,unknown,unknown,unknown,unknown,unknown,unknown,unknown
866,00866.jpg,499,1024,931,dress,blue,medium,unknown,unknown,unknown,unknown,unknown,unknown,unknown
867,00867.jpg,1024,682,932,pants,brown,medium,unknown,unknown,unknown,unknown,unknown,unknown,unknown
868,00868.jpg,680,1024,933,top,blue,heavy,unknown,unknown,unknown,unknown,unknown,unknown,unknown
869,00869.jpg,1024,678,934,pants,blue,medium,unknown,unknown,unknown,unknown,unknown,unknown,unknown
870,00870.jpg,1024,680,935,pants,brown,medium,unknown,unknown,unknown,unknown,unknown,unknown,unknown
871,00871.jpg,682,1024,936,top,green,light,unknown,unknown,unknown,unknown,unknown,unknown,unknown
872,00872.jpg,683,1024,937,top,brown,heavy,unknown,unknown,unknown,unknown,unknown,unknown,unknown
873,00873.jpg,683,1024,938,top,brown,heavy,unknown,unknown,unknown,unknown,unknown,unknown,unknown
874,00874.jpg,632,1024,939,top,red,medium,unknown,unknown,unknown,unknown,unknown,unknown,unknown
875,00875.jpg,882,1024,940,pants,black,light,unknown,unknown,unknown,unknown,unknown,unknown,unknown
876,00876.jpg,681,1024,941,top,brown,heavy,unknown,unknown,unknown,unknown,unknown,unknown,unknown
877,00877.jpg,682,1024,942,top,green,light,unknown,unknown,unknown,unknown,unknown,unknown,unknown
878,00878.jpg,632,1024,943,top,red,medium,unknown,unknown,unknown,unknown,unknown,unknown,unknown
879,00879.jpg,1024,682,944,pants,red,heavy,unknown,unknown,unknown,unknown,unknown,unknown,unknown
880,00880.jpg,766,1024,945,top,brown,light,unknown,unknown,unknown,unknown,unknown,unknown,unknown
881,00881.jpg,682,1024,946,top,brown,medium,unknown,unknown,unknown,unknown,unknown,unknown,unknown
882,00882.jpg,682,1024,947,top,red,medium,unknown,unknown,unknown,unknown,unknown,unknown,unknown
883,00883.jpg,1024,773,948,pants,brown,medium,unknown,unknown,unknown,unknown,unknown,unknown,unknown
884,00884.jpg,1024,683,949,pants,brown,medium,unknown,unknown,unknown,unknown,unknown,unknown,unknown
885,00885.jpg,1024,683,950,pants,green,medium,unknown,unknown,unknown,unknown,unknown,unknown,unknown
886,00886.jpg,682,1024,951,top,red,heavy,unknown,unknown,unknown,unknown,unknown,unknown,unknown
887,00887.jpg,682,1024,952,top,brown,heavy,unknown,unknown,unknown,unknown,unknown,unknown,unknown
888,00888.jpg,682,1024,953,top,red,medium,unknown,unknown,unknown,unknown,unknown,unknown,unknown
889,00889.jpg,683,1024,954,top,brown,heavy,unknown,unknown,unknown,unknown,unknown,unknown,unknown
890,00890.jpg,680,1024,955,top,red,heavy,unknown,unknown,unknown,unknown,unknown,unknown,unknown
891,00891.jpg,682,1024,956,top,brown,medium,unknown,unknown,unknown,unknown,unknown,unknown,unknown
892,00892.jpg,680,1024,957,top,brown,light,unknown,unknown,unknown,unknown,unknown,unknown,unknown
893,00893.jpg,681,1024,958,top,blue,heavy,unknown,unknown,unknown,unknown,unknown,unknown,unknown
894,00894.jpg,1024,682,959,pants,brown,medium,unknown,unknown,unknown,unknown,unknown,unknown,unknown
895,00895.jpg,894,1024,960,pants,blue,heavy,unknown,unknown,unknown,unknown,unknown,unknown,unknown
896,00896.jpg,1024,682,961,pants,black,light,unknown,unknown,unknown,unknown,unknown,unknown,unknown
897,00897.jpg,684,1024,962,top,brown,heavy,unknown,unknown,unknown,unknown,unknown,unknown,unknown
898,00898.jpg,1024,680,963,pants,brown,medium,unknown,unknown,unknown,unknown,unknown,unknown,unknown
899,00899.jpg,677,1024,964,top,red,medium,unknown,unknown,unknown,unknown,unknown,unknown,unknown
900,00900.jpg,683,1024,965,top,brown,medium,unknown,unknown,unknown,unknown,unknown,unknown,unknown
901,00901.jpg,771,1024,966,top,blue,medium,unknown,unknown,unknown,unknown,unknown,unknown,unknown
902,00902.jpg,1024,768,967,pants,brown,medium,unknown,unknown,unknown,unknown,unknown,unknown,unknown
903,00903.jpg,682,1024,968,top,black,light,unknown,unknown,unknown,unknown,unknown,unknown,unknown
904,00904.jpg,680,1024,969,top,brown,heavy,unknown,unknown,unknown,unknown,unknown,unknown,unknown
905,00905.jpg,632,1024,970,top,green,medium,unknown,unknown,unknown,unknown,unknown,unknown,unknown
906,00906.jpg,1024,683,971,pants,brown,light,unknown,unknown,unknown,unknown,unknown,unknown,unknown
907,00907.jpg,1024,680,972,pants,brown,medium,unknown,unknown,unknown,unknown,unknown,unknown,unknown
908,00908.jpg,704,1024,973,top,brown,medium,unknown,unknown,unknown,unknown,unknown,unknown,unknown
909,00909.jpg,679,1024,974,top,brown,medium,unknown,unknown,unknown,unknown,unknown,unknown,unknown
910,00910.jpg,675,1024,975,top,brown,medium,unknown,unknown,unknown,unknown,unknown,unknown,unknown
911,00911.jpg,682,1024,976,top,red,light,unknown,unknown,unknown,unknown,unknown,unknown,unknown
912,00912.jpg,680,1024,977,top,brown,heavy,unknown,unknown,unknown,unknown,unknown,unknown,unknown
913,00913.jpg,682,1024,979,top,red,medium,unknown,unknown,unknown,unknown,unknown,unknown,unknown
914,00914.jpg,620,1024,980,top,brown,heavy,unknown,unknown,unknown,unknown,unknown,unknown,unknown
915,00915.jpg,710,1024,981,top,brown,heavy,unknown,unknown,unknown,unknown,unknown,unknown,unknown
916,00916.jpg,1024,767,982,pants,brown,medium,unknown,unknown,unknown,unknown,unknown,unknown,unknown
917,00917.jpg,681,1024,984,top,brown,heavy,unknown,unknown,unknown,unknown,unknown,unknown,unknown
918,00918.jpg,731,1024,985,top,brown,medium,unknown,unknown,unknown,unknown,unknown,unknown,unknown
919,00919.jpg,678,1024,986,top,green,heavy,unknown,unknown,unknown,unknown,unknown,unknown,unknown
920,00920.jpg,682,1024,987,top,black,medium,unknown,unknown,unknown,unknown,unknown,unknown,unknown
921,00921.jpg,1024,1024,988,pants,blue,medium,unknown,unknown,unknown,unknown,unknown,unknown,unknown
922,00922.jpg,495,1024,989,dress,red,heavy,unknown,unknown,unknown,unknown,unknown,unknown,unknown
923,00923.jpg,1024,682,990,pants,brown,light,unknown,unknown,unknown,unknown,unknown,unknown,unknown
924,00924.jpg,682,1024,991,top,brown,heavy,unknown,unknown,unknown,unknown,unknown,unknown,unknown
925,00925.jpg,1024,682,992,pants,brown,medium,unknown,unknown,unknown,unknown,unknown,unknown,unknown
926,00926.jpg,803,1024,993,pants,blue,heavy,unknown,unknown,unknown,unknown,unknown,unknown,unknown
927,00927.jpg,1024,683,994,pants,blue,light,unknown,unknown,unknown,unknown,unknown,unknown,unknown
928,00928.jpg,1024,680,995,pants,green,heavy,unknown,unknown,unknown,unknown,unknown,unknown,unknown
929,00929.jpg,682,1024,996,top,black,heavy,unknown,unknown,unknown,unknown,unknown,unknown,unknown
930,00930.jpg,548,1024,997,dress,brown,medium,unknown,unknown,unknown,unknown,unknown,unknown,unknown
931,00931.jpg,683,1024,998,top,black,heavy,unknown,unknown,unknown,unknown,unknown,unknown,unknown
932,00932.jpg,633,1024,999,top,blue,heavy,unknown,unknown,unknown,unknown,unknown,unknown,unknown
933,00933.jpg,680,1024,1000,top,brown,heavy,unknown,unknown,unknown,unknown,unknown,unknown,unknown
934,00934.jpg,635,1024,1001,top,black,medium,unknown,unknown,unknown,unknown,unknown,unknown,unknown
935,00935.jpg,650,1024,1002,top,blue,medium,unknown,unknown,unknown,unknown,unknown,unknown,unknown
936,00936.jpg,1024,682,1003,pants,blue,heavy,unknown,unknown,unknown,unknown,unknown,unknown,unknown
937,00937.jpg,1024,768,1004,pants,black,medium,unknown,unknown,unknown,unknown,unknown,unknown,unknown
938,00938.jpg,1024,768,1005,pants,blue,light,unknown,unknown,unknown,unknown,unknown,unknown,unknown
939,00939.jpg,683,1024,1006,top,red,heavy,unknown,unknown,unknown,unknown,unknown,unknown,unknown
940,00940.jpg,819,1024,1007,pants,blue,light,unknown,unknown,unknown,unknown,unknown,unknown,unknown
941,00941.jpg,632,1024,1008,top,red,medium,unknown,unknown,unknown,unknown,unknown,unknown,unknown
942,00942.jpg,555,1024,1009,dress,red,medium,unknown,unknown,unknown,unknown,unknown,unknown,unknown
943,00943.jpg,681,1024,1010,top,blue,heavy,unknown,unknown,unknown,unknown,unknown,unknown,unknown
944,00944.jpg,633,1024,1011,top,blue,medium,unknown,unknown,unknown,unknown,unknown,unknown,unknown
945,00945.jpg,681,1024,1012,top,brown,heavy,unknown,unknown,unknown,unknown,unknown,unknown,unknown
946,00946.jpg,682,1024,1013,top,blue,heavy,unknown,unknown,unknown,unknown,unknown,unknown,unknown
947,00947.jpg,683,1024,1014,top,blue,medium,unknown,unknown,unknown,unknown,unknown,unknown,unknown
948,00948.jpg,689,1024,1015,top,brown,heavy,unknown,unknown,unknown,unknown,unknown,unknown,unknown
949,00949.jpg,1024,768,1016,pants,blue,medium,unknown,unknown,unknown,unknown,unknown,unknown,unknown
950,00950.jpg,633,1024,1017,top,blue,medium,unknown,unknown,unknown,unknown,unknown,unknown,unknown
951,00951.jpg,683,1024,1018,top,brown,medium,unknown,unknown,unknown,unknown,unknown,unknown,unknown
952,00952.jpg,683,1024,1019,top,brown,medium,unknown,unknown,unknown,unknown,unknown,unknown,unknown
953,00953.jpg,600,1024,1020,top,brown,heavy,unknown,unknown,unknown,unknown,unknown,unknown,unknown
954,00954.jpg,476,1024,1021,dress,brown,medium,unknown,unknown,unknown,unknown,unknown,unknown,unknown
955,00955.jpg,682,1024,1022,top,brown,heavy,unknown,unknown,unknown,unknown,unknown,unknown,unknown
956,00956.jpg,1024,682,1023,pants,blue,medium,unknown,unknown,unknown,unknown,unknown,unknown,unknown
957,00957.jpg,1024,682,1024,pants,brown,heavy,unknown,unknown,unknown,unknown,unknown,unknown,unknown
958,00958.jpg,679,1024,1025,top,brown,medium,unknown,unknown,unknown,unknown,unknown,unknown,unknown
959,00959.jpg,683,1024,1026,top,brown,medium,unknown,unknown,unknown,unknown,unknown,unknown,unknown
960,00960.jpg,611,1024,1027,top,brown,heavy,unknown,unknown,unknown,unknown,unknown,unknown,unknown
961,00961.jpg,678,1024,1028,top,brown,medium,unknown,unknown,unknown,unknown,unknown,unknown,unknown
962,00962.jpg,683,1024,1029,top,blue,heavy,unknown,unknown,unknown,unknown,unknown,unknown,unknown
963,00963.jpg,1024,1024,1030,pants,brown,medium,unknown,unknown,unknown,unknown,unknown,unknown,unknown
964,00964.jpg,681,1024,1031,top,blue,heavy,unknown,unknown,unknown,unknown,unknown,unknown,unknown
965,00965.jpg,682,1024,1032,top,brown,heavy,unknown,unknown,unknown,unknown,unknown,unknown,unknown
966,00966.jpg,1024,683,1033,pants,green,heavy,unknown,unknown,unknown,unknown,unknown,unknown,unknown
967,00967.jpg,708,1024,1034,top,brown,medium,unknown,unknown,unknown,unknown,unknown,unknown,unknown
968,00968.jpg,1024,683,1035,pants,green,heavy,unknown,unknown,unknown,unknown,unknown,unknown,unknown
969,00969.jpg,1024,680,1036,pants,brown,medium,unknown,unknown,unknown,unknown,unknown,unknown,unknown
970,00970.jpg,682,1024,1037,top,blue,medium,unknown,unknown,unknown,unknown,unknown,unknown,unknown
971,00971.jpg,683,1024,1038,top,brown,medium,unknown,unknown,unknown,unknown,unknown,unknown,unknown
972,00972.jpg,679,1024,1039,top,green,heavy,unknown,unknown,unknown,unknown,unknown,unknown,unknown
973,00973.jpg,1024,680,1040,pants,black,medium,unknown,unknown,unknown,unknown,unknown,unknown,unknown
974,00974.jpg,682,1024,1041,top,green,heavy,unknown,unknown,unknown,unknown,unknown,unknown,unknown
975,00975.jpg,1024,1024,1043,pants,red,medium,unknown,unknown,unknown,unknown,unknown,unknown,unknown
976,00976.jpg,1024,682,1044,pants,red,heavy,unknown,unknown,unknown,unknown,unknown,unknown,unknown
977,00977.jpg,683,1024,1045,top,brown,heavy,unknown,unknown,unknown,unknown,unknown,unknown,unknown
978,00978.jpg,683,1024,1046,top,green,heavy,unknown,unknown,unknown,unknown,unknown,unknown,unknown
979,00979.jpg,1024,682,1047,pants,black,medium,unknown,unknown,unknown,unknown,unknown,unknown,unknown
980,00980.jpg,593,1024,1048,top,brown,heavy,unknown,unknown,unknown,unknown,unknown,unknown,unknown
981,00981.jpg,1024,680,1049,pants,blue,medium,unknown,unknown,unknown,unknown,unknown,unknown,unknown
982,00982.jpg,682,1024,1050,top,red,medium,unknown,unknown,unknown,unknown,unknown,unknown,unknown
983,00983.jpg,984,1024,1051,pants,red,heavy,unknown,unknown,unknown,unknown,unknown,unknown,unknown
984,00984.jpg,681,1024,1052,top,brown,heavy,unknown,unknown,unknown,unknown,unknown,unknown,unknown
985,00985.jpg,819,1024,1053,pants,blue,light,unknown,unknown,unknown,unknown,unknown,unknown,unknown
986,00986.jpg,597,1024,1054,top,brown,medium,unknown,unknown,unknown,unknown,unknown,unknown,unknown
987,00987.jpg,666,1024,1055,top,red,medium,unknown,unknown,unknown,unknown,unknown,unknown,unknown
988,00988.jpg,683,1024,1056,top,blue,medium,unknown,unknown,unknown,unknown,unknown,unknown,unknown
989,00989.jpg,1024,680,1057,pants,brown,medium,unknown,unknown,unknown,unknown,unknown,unknown,unknown
990,00990.jpg,682,1024,1058,top,brown,medium,unknown,unknown,unknown,unknown,unknown,unknown,unknown
991,00991.jpg,683,1024,1059,top,brown,heavy,unknown,unknown,unknown,unknown,unknown,unknown,unknown
992,00992.jpg,1024,681,1060,pants,brown,medium,unknown,unknown,unknown,unknown,unknown,unknown,unknown
993,00993.jpg,1024,682,1062,pants,blue,medium,unknown,unknown,unknown,unknown,unknown,unknown,unknown
994,00994.jpg,697,1024,1063,top,blue,medium,unknown,unknown,unknown,unknown,unknown,unknown,unknown
995,00995.jpg,682,1024,1064,top,red,medium,unknown,unknown,unknown,unknown,unknown,unknown,unknown
996,00996.jpg,551,1024,1065,dress,brown,heavy,unknown,unknown,unknown,unknown,unknown,unknown,unknown
997,00997.jpg,585,1024,1066,top,green,heavy,unknown,unknown,unknown,unknown,unknown,unknown,unknown
998,00998.jpg,694,1024,1067,top,red,light,unknown,unknown,unknown,unknown,unknown,unknown,unknown
999,00999.jpg,682,1024,1068,top,brown,heavy,unknown,unknown,unknown,unknown,unknown,unknown,unknown
